Kata,Jenis_Kata_Asli,Jenis_Kata_Prediksi,Benar
jaringan,benda,lainnya,False
saraf,benda,benda,True
tiruan,sifat,lainnya,False
meniru,kerja,lainnya,False
cara,benda,lainnya,False
kerja,benda,benda,True
otak,benda,benda,True
manusia,benda,benda,True
untuk,lainnya,lainnya,True
mengenali,kerja,lainnya,False
pola,benda,lainnya,False
data,benda,lainnya,False
setiap,lainnya,benda,False
neuron,benda,lainnya,False
pada,lainnya,benda,False
menerima,kerja,benda,False
input,benda,benda,True
lalu,lainnya,benda,False
menghasilkan,kerja,lainnya,False
output,benda,lainnya,False
melalui,lainnya,sifat,False
fungsi,benda,benda,True
aktivasi,benda,benda,True
proses,benda,benda,True
pelatihan,benda,benda,True
menggunakan,kerja,benda,False
dalam,lainnya,benda,False
jumlah,benda,benda,True
besar,sifat,benda,False
agar,lainnya,benda,False
model,benda,benda,True
semakin,lainnya,benda,False
akurat,sifat,benda,False
