Kalimat_ke,Kata_Target,Kata_Konteks
1,jaringan,saraf
1,jaringan,tiruan
1,saraf,jaringan
1,saraf,tiruan
1,saraf,meniru
1,tiruan,jaringan
1,tiruan,saraf
1,tiruan,meniru
1,tiruan,cara
1,meniru,saraf
1,meniru,tiruan
1,meniru,cara
1,meniru,kerja
1,cara,tiruan
1,cara,meniru
1,cara,kerja
1,cara,otak
1,kerja,meniru
1,kerja,cara
1,kerja,otak
1,kerja,manusia
1,otak,cara
1,otak,kerja
1,otak,manusia
1,otak,untuk
1,manusia,kerja
1,manusia,otak
1,manusia,untuk
1,manusia,mengenali
1,untuk,otak
1,untuk,manusia
1,untuk,mengenali
1,untuk,pola
1,mengenali,manusia
1,mengenali,untuk
1,mengenali,pola
1,mengenali,data
1,pola,untuk
1,pola,mengenali
1,pola,data
1,data,mengenali
1,data,pola
2,setiap,neuron
2,setiap,pada
2,neuron,setiap
2,neuron,pada
2,neuron,jaringan
2,pada,setiap
2,pada,neuron
2,pada,jaringan
2,pada,saraf
2,jaringan,neuron
2,jaringan,pada
2,jaringan,saraf
2,jaringan,tiruan
2,saraf,pada
2,saraf,jaringan
2,saraf,tiruan
2,saraf,menerima
2,tiruan,jaringan
2,tiruan,saraf
2,tiruan,menerima
2,tiruan,input
2,menerima,saraf
2,menerima,tiruan
2,menerima,input
2,menerima,lalu
2,input,tiruan
2,input,menerima
2,input,lalu
2,input,menghasilkan
2,lalu,menerima
2,lalu,input
2,lalu,menghasilkan
2,lalu,output
2,menghasilkan,input
2,menghasilkan,lalu
2,menghasilkan,output
2,menghasilkan,melalui
2,output,lalu
2,output,menghasilkan
2,output,melalui
2,output,fungsi
2,melalui,menghasilkan
2,melalui,output
2,melalui,fungsi
2,melalui,aktivasi
2,fungsi,output
2,fungsi,melalui
2,fungsi,aktivasi
2,aktivasi,melalui
2,aktivasi,fungsi
3,proses,pelatihan
3,proses,jaringan
3,pelatihan,proses
3,pelatihan,jaringan
3,pelatihan,saraf
3,jaringan,proses
3,jaringan,pelatihan
3,jaringan,saraf
3,jaringan,tiruan
3,saraf,pelatihan
3,saraf,jaringan
3,saraf,tiruan
3,saraf,menggunakan
3,tiruan,jaringan
3,tiruan,saraf
3,tiruan,menggunakan
3,tiruan,data
3,menggunakan,saraf
3,menggunakan,tiruan
3,menggunakan,data
3,menggunakan,dalam
3,data,tiruan
3,data,menggunakan
3,data,dalam
3,data,jumlah
3,dalam,menggunakan
3,dalam,data
3,dalam,jumlah
3,dalam,besar
3,jumlah,data
3,jumlah,dalam
3,jumlah,besar
3,jumlah,agar
3,besar,dalam
3,besar,jumlah
3,besar,agar
3,besar,model
3,agar,jumlah
3,agar,besar
3,agar,model
3,agar,semakin
3,model,besar
3,model,agar
3,model,semakin
3,model,akurat
3,semakin,agar
3,semakin,model
3,semakin,akurat
3,akurat,model
3,akurat,semakin
