Kalimat_ke,Kalimat,Kata,dim_1,dim_2,dim_3,dim_4,dim_5,dim_6,dim_7,dim_8,dim_9,dim_10,dim_11,dim_12,dim_13,dim_14,dim_15,dim_16,dim_17,dim_18,dim_19,dim_20,dim_21,dim_22,dim_23,dim_24,dim_25,dim_26,dim_27,dim_28,dim_29,dim_30,dim_31,dim_32,dim_33,dim_34,dim_35,dim_36,dim_37,dim_38,dim_39,dim_40,dim_41,dim_42,dim_43,dim_44,dim_45,dim_46,dim_47,dim_48,dim_49,dim_50
1,Jaringan saraf tiruan meniru cara kerja otak manusia untuk mengenali pola data,jaringan,0.019715762,-0.02045646,0.010936217,-0.0069882986,0.0126907835,0.024484456,-0.00023530354,0.013023149,-0.0031470296,0.009136637,-0.0003883897,0.021945974,-0.00337255,0.013257081,0.0073800865,0.008634305,-0.018087517,-0.03551073,-0.011084139,-0.026918296,-0.0011596364,-0.006184235,0.005199326,-0.006729518,0.040903855,-0.0077613364,-0.0133569315,0.000112656446,-0.012437746,0.006064506,0.0068288078,0.010371716,-0.025170038,0.009534465,0.0075387317,-0.006306452,-0.0060680746,-0.048294723,-0.010656233,0.0036639378,0.037195228,-0.0072640204,0.002722986,-0.0039096633,0.028257973,0.0042953803,-0.012474087,0.0025257035,0.027366733,-0.03847904
1,Jaringan saraf tiruan meniru cara kerja otak manusia untuk mengenali pola data,saraf,0.015912605,-0.02037879,-0.0067413375,0.009922542,0.0011408984,-0.006088835,-0.009635079,-0.007374797,0.0076858825,0.008023675,0.025442028,0.020454034,-0.010868291,0.033584975,0.0027351375,-0.0010123049,0.016933426,-0.024281446,-0.01680928,-0.011377708,0.013820734,-0.024152733,-0.0030684576,-0.020426558,0.031092675,-0.010233629,-0.0040568053,-0.019963855,-0.012293469,0.00716572,0.02089127,0.0053316043,-0.021008804,0.020178152,0.0013265694,0.008677022,-0.027003663,-0.034694802,0.00643865,0.01938577,0.01385209,0.016761763,0.025705162,-0.0046285586,0.023481315,-0.017477034,-0.0045979694,0.019333653,0.019111536,-0.033787943
1,Jaringan saraf tiruan meniru cara kerja otak manusia untuk mengenali pola data,tiruan,-0.011392426,0.00356611,0.0065335766,0.0087600015,-0.0026266465,0.02659848,-0.027169699,0.01379415,-0.013671133,-0.015784068,0.008383974,0.02912799,0.0047258786,0.023885552,0.01616832,0.016588934,0.0013747142,-0.033596158,0.013934186,-0.012767459,0.0010354397,-0.017109685,-0.013904386,0.012064781,0.03357705,-0.0028978991,-0.001516119,0.0047165803,-0.01149158,-0.0016655924,0.0024382928,-0.0037048985,-0.024135396,0.008758666,0.012381999,-0.016111111,0.0052966815,-0.013015725,-0.01377808,0.010973032,0.0021501204,0.014415903,0.01944913,-0.0061239493,-0.010356123,0.009838201,0.0036319532,0.027599808,0.02069936,-0.0062959515
1,Jaringan saraf tiruan meniru cara kerja otak manusia untuk mengenali pola data,meniru,-0.0058094347,0.0053897044,0.012589488,-0.002009195,-0.015018839,0.020707497,-0.018629432,0.0066013034,-0.011629086,-0.0142321875,0.013948841,-0.010091348,0.004203963,0.014296777,-0.014035349,-0.011102741,0.012623639,-0.008761325,-0.014591099,0.014368987,-0.008488724,-0.025478628,0.016679443,-0.021738911,0.013027633,0.015675863,0.004643235,-9.556032e-05,-0.011449468,-0.014115551,0.0047399085,0.018586,-0.020272719,0.018185396,-0.0051099546,0.0018095106,-0.017567031,-0.007862771,-0.014666732,-0.0060223993,0.01599052,-0.01626887,0.0029245715,0.0033575988,-0.012048415,-0.012401093,-0.003143317,0.0129751265,0.02540925,0.004968667
1,Jaringan saraf tiruan meniru cara kerja otak manusia untuk mengenali pola data,cara,-0.005792736,0.008656531,0.0010918975,0.012055794,-0.0013429841,-0.006654173,0.009734698,0.014462565,0.018296534,0.015090792,-0.0036583073,-0.004311479,-0.013518393,0.025657289,0.006697466,0.0005777414,0.019716466,-0.008449932,0.016563835,0.012864232,-0.015449176,-0.0131775085,0.0091060065,0.009233807,0.00045898824,-0.012608384,0.0047379844,0.0069594965,-0.024348533,0.004929918,-0.005717767,-0.0075759785,-0.0050853663,0.0006627204,0.0031578878,-0.0069700186,0.0066649737,-0.034361202,0.011769159,-0.015260248,0.019733405,-0.004064024,0.0019955605,-0.020015523,0.012344386,-0.019581543,0.010139821,0.017005911,0.022525856,-0.0029811685
1,Jaringan saraf tiruan meniru cara kerja otak manusia untuk mengenali pola data,kerja,0.004148302,-0.014673684,-0.011521815,-0.00075644,0.0045245425,-0.004023621,0.010236024,0.0027747261,0.013035336,0.008214722,-0.0025362307,-0.0058949715,0.0068131774,0.0012969245,-0.006473771,0.019492703,-7.351927e-05,-0.029782718,1.1830013e-05,-0.007600052,0.015381843,0.0015297884,-0.012556633,-0.016971348,0.018496409,-0.023277674,-0.0048379423,-0.019128418,-0.027922481,0.0173371,-0.0143098505,-0.015716694,0.012283766,-0.008390744,0.010365045,-0.018857012,-0.019598914,-0.0313093,0.006058008,0.008167233,0.008327359,-0.008781947,-0.010878499,0.002452592,-0.0065621966,-0.00096798677,0.010812668,0.021615218,0.0075738095,-0.030524936
1,Jaringan saraf tiruan meniru cara kerja otak manusia untuk mengenali pola data,otak,-0.0052028014,-0.025088418,-0.019046158,-0.0019788896,0.0033918826,-0.009487736,0.0116255935,0.0022452397,-0.011480574,0.0014833538,0.017342072,-0.0006942893,-0.022238342,-0.007425857,0.01871687,-0.012837595,0.006238628,-0.018810349,0.011664433,-0.025184575,0.018125312,-0.0007315784,-0.0026658408,-0.015945006,0.03647055,-0.0140012605,0.0023742956,-0.01014376,-0.021560457,-0.0022470574,-0.011006517,-0.015327964,-0.014547093,-0.010368364,-0.005880059,0.0144651355,-0.021016503,-0.03960246,-0.01836056,0.0046983007,0.0020495155,0.0022070913,-0.010775452,-0.007398268,0.0011921723,-0.008949199,0.006229053,0.020681381,0.008098032,0.00014529633
1,Jaringan saraf tiruan meniru cara kerja otak manusia untuk mengenali pola data,manusia,0.016540647,-0.015492001,-0.009045801,-0.000738046,-0.012690871,-0.008093902,-0.012324651,0.018693684,-0.021309935,-0.008301657,-0.013642378,0.007341609,-0.013216,0.019921927,0.0073596947,0.013395557,0.0061488575,-0.0144510055,0.015265849,-0.0072923787,0.019376058,0.012384351,0.0033185116,0.003798798,0.004648151,0.0075198053,0.009259429,0.011536192,-0.01857896,0.012488991,0.001019004,-0.009132552,-0.018321913,0.0069773607,-0.009619019,-0.016420122,-0.008323243,-0.010146796,-0.009218082,0.022504495,0.020597229,0.0024655734,0.023426143,-0.0032859999,-0.01060768,-0.023435708,0.02103634,0.027029794,0.017768843,-0.02744872
1,Jaringan saraf tiruan meniru cara kerja otak manusia untuk mengenali pola data,untuk,-0.014848242,-0.010766131,-0.00077447895,0.024867086,-0.011482246,0.0077814395,-0.013534943,-0.010622731,-0.017940957,-0.0045936704,-0.0127165485,-0.010958938,-0.0100462595,-0.0021598374,0.007198653,-0.016736971,-0.0074246717,-0.016116587,0.019553028,-0.0022284288,0.016624488,-0.014827378,-0.0019978322,-0.007057881,0.033003766,0.012712226,0.021395372,0.0053015794,-0.010309517,0.002781339,0.02219015,-0.0047743125,-0.012613308,0.021106469,-0.006951789,-0.011013296,-0.0037121153,-0.02710077,0.012574958,0.021389395,0.0032653322,0.0036716664,0.0270715,0.008784386,-0.0071578925,-0.002608637,0.008761989,0.015629409,-0.00914412,-0.021560673
1,Jaringan saraf tiruan meniru cara kerja otak manusia untuk mengenali pola data,mengenali,0.013115067,-0.010142734,0.007077771,0.023068892,0.0048552845,0.013719616,-0.016631544,-0.006879725,-0.004992877,0.015013681,0.0053366926,-0.00065989234,0.00749894,0.023213077,0.020652536,-0.0055617513,0.009335496,-0.009367082,-0.0014726492,-0.011191831,-0.014176027,-0.016971445,0.0016775944,0.011678611,0.03079841,-0.018040529,0.009818696,-0.021800984,-0.0027836221,-0.0052498593,0.00068338896,0.012511725,-0.008690178,0.01716275,-0.0011028975,0.020256098,-0.00066403963,-0.026469834,0.0085733095,0.0008937852,0.011957176,-0.012508191,-0.008110578,0.0023590445,-0.008492886,0.014206741,0.018123765,0.016792381,0.018410612,-0.008463138
1,Jaringan saraf tiruan meniru cara kerja otak manusia untuk mengenali pola data,pola,-0.007817789,-0.008983554,-0.017974498,0.017891593,0.00617826,-0.010455136,-0.01673247,0.005399673,-3.6493297e-05,0.0129303085,-0.0056427224,0.021783594,-0.005012699,0.020299926,-0.0066637127,-0.016557265,-0.017798912,-0.016094983,0.0183225,-0.024129521,-0.0039841556,-0.021676628,0.016983625,0.003798419,0.02422417,0.0036621615,0.008447922,0.00636707,-0.027795983,0.015420046,0.011747486,0.013122276,-0.009017447,0.015527951,-0.0067383884,-0.017980736,0.011137252,-0.025880987,-0.018121062,0.008109443,-0.0023740996,0.015886841,0.0030297327,-0.020308563,0.021718636,-0.0039325855,-0.006278433,0.014116571,0.0083851265,-0.029197047
1,Jaringan saraf tiruan meniru cara kerja otak manusia untuk mengenali pola data,data,0.019116184,-0.01590281,0.016243903,0.0008227159,-0.0016506535,0.016678268,-0.023773668,0.0071156956,-0.0013507656,0.012420144,0.026652476,0.0153549025,-0.007994453,0.007929596,0.0028218105,0.017021006,-0.0067656157,-0.030276166,-0.007322653,-0.028766118,-0.014797875,-0.026621947,0.0099675795,0.004393632,0.028696505,-0.009751091,0.0112474635,-0.021066463,0.004278434,0.0007553126,0.020450672,-0.0076491204,-0.007417048,0.0132517675,-0.002977315,-0.0010223727,-0.021387167,-0.028184846,-0.014676224,-0.002897617,0.02128505,0.008293517,0.013055196,-0.0061608003,0.025054289,-0.023934545,-0.0021472613,-0.0052867276,0.0052991738,0.0023395626
2,Setiap neuron pada jaringan saraf tiruan menerima input lalu menghasilkan output melalui fungsi aktivasi,setiap,0.017801069,-0.00585655,0.019266931,0.017386736,0.0058769556,0.0236896,-0.0049523334,0.012131721,-0.009836355,0.019305639,0.009030697,0.017016986,-0.0039731916,0.022797452,-0.012885429,-0.012607255,0.0005242643,-0.00060530147,0.011982319,-0.0082720285,0.00666339,-0.0040193256,0.01771377,0.0027466076,0.00836071,0.013953232,-0.014683627,0.014507315,-0.021367438,-0.008214518,0.015316164,0.014138775,0.015039303,0.01307407,0.0035630702,-0.004811302,-0.025684547,-0.02939361,-0.01078694,-0.01622775,0.008198349,0.01311573,0.024746882,-0.0004041689,0.018457267,0.013872783,0.018138431,0.004308771,0.0004998499,0.009361395
2,Setiap neuron pada jaringan saraf tiruan menerima input lalu menghasilkan output melalui fungsi aktivasi,neuron,-0.0023634597,-0.005709544,-0.002988711,0.024781713,-0.0080064675,0.012256709,-0.022522654,0.01792592,-0.006110879,-0.005751791,0.008329455,0.007268383,0.011141543,0.011134399,0.0061419746,-0.012466741,-0.018624952,-0.01598045,0.020259073,0.009288595,0.005626445,-0.0021524564,-0.0054155653,-0.017061435,-0.0053469283,-0.012407742,-0.0062766923,-0.018265069,-0.018947192,-0.01836233,0.0075528696,0.022807267,0.0036169323,0.0021847775,-0.0053744614,-0.006325474,-0.021402838,-0.013531622,-0.00072968175,-0.016911028,0.0061386526,-0.006412906,-0.0055654054,0.008185696,0.005668159,-0.0008962833,0.013301715,0.026237981,0.021017823,-0.007062988
2,Setiap neuron pada jaringan saraf tiruan menerima input lalu menghasilkan output melalui fungsi aktivasi,pada,0.00191604,-0.005481359,0.016595477,-0.0073434925,-0.008175836,-0.005296317,-0.016125338,0.019443784,0.016277568,-0.018168297,0.009289354,-0.0044132043,-0.014891322,-0.0007060848,-0.0078000594,0.0028274741,0.020109545,-0.0065175793,0.008739382,-0.006476207,-0.01913993,-0.022787984,-0.009934165,-0.0132729085,0.02605972,0.008853741,0.015124075,0.00065566675,-0.004985365,0.0064980807,-0.0010514776,0.011122715,0.007877921,0.013826435,0.002790991,-0.01643043,0.00415155,-0.01939357,0.006611703,0.0042512524,0.023499742,-0.004215676,0.023677463,0.013690469,-0.0029006223,-0.0059248307,0.004560618,0.01669818,0.014647146,0.0042494684
2,Setiap neuron pada jaringan saraf tiruan menerima input lalu menghasilkan output melalui fungsi aktivasi,jaringan,0.019715762,-0.02045646,0.010936217,-0.0069882986,0.0126907835,0.024484456,-0.00023530354,0.013023149,-0.0031470296,0.009136637,-0.0003883897,0.021945974,-0.00337255,0.013257081,0.0073800865,0.008634305,-0.018087517,-0.03551073,-0.011084139,-0.026918296,-0.0011596364,-0.006184235,0.005199326,-0.006729518,0.040903855,-0.0077613364,-0.0133569315,0.000112656446,-0.012437746,0.006064506,0.0068288078,0.010371716,-0.025170038,0.009534465,0.0075387317,-0.006306452,-0.0060680746,-0.048294723,-0.010656233,0.0036639378,0.037195228,-0.0072640204,0.002722986,-0.0039096633,0.028257973,0.0042953803,-0.012474087,0.0025257035,0.027366733,-0.03847904
2,Setiap neuron pada jaringan saraf tiruan menerima input lalu menghasilkan output melalui fungsi aktivasi,saraf,0.015912605,-0.02037879,-0.0067413375,0.009922542,0.0011408984,-0.006088835,-0.009635079,-0.007374797,0.0076858825,0.008023675,0.025442028,0.020454034,-0.010868291,0.033584975,0.0027351375,-0.0010123049,0.016933426,-0.024281446,-0.01680928,-0.011377708,0.013820734,-0.024152733,-0.0030684576,-0.020426558,0.031092675,-0.010233629,-0.0040568053,-0.019963855,-0.012293469,0.00716572,0.02089127,0.0053316043,-0.021008804,0.020178152,0.0013265694,0.008677022,-0.027003663,-0.034694802,0.00643865,0.01938577,0.01385209,0.016761763,0.025705162,-0.0046285586,0.023481315,-0.017477034,-0.0045979694,0.019333653,0.019111536,-0.033787943
2,Setiap neuron pada jaringan saraf tiruan menerima input lalu menghasilkan output melalui fungsi aktivasi,tiruan,-0.011392426,0.00356611,0.0065335766,0.0087600015,-0.0026266465,0.02659848,-0.027169699,0.01379415,-0.013671133,-0.015784068,0.008383974,0.02912799,0.0047258786,0.023885552,0.01616832,0.016588934,0.0013747142,-0.033596158,0.013934186,-0.012767459,0.0010354397,-0.017109685,-0.013904386,0.012064781,0.03357705,-0.0028978991,-0.001516119,0.0047165803,-0.01149158,-0.0016655924,0.0024382928,-0.0037048985,-0.024135396,0.008758666,0.012381999,-0.016111111,0.0052966815,-0.013015725,-0.01377808,0.010973032,0.0021501204,0.014415903,0.01944913,-0.0061239493,-0.010356123,0.009838201,0.0036319532,0.027599808,0.02069936,-0.0062959515
2,Setiap neuron pada jaringan saraf tiruan menerima input lalu menghasilkan output melalui fungsi aktivasi,menerima,0.0034249118,-0.0122207375,-0.00023547388,0.027482484,-0.017304493,0.02969399,-0.009765156,0.015497631,-0.0047265105,-0.0071165776,0.015959272,0.015425407,-0.01691604,0.01896203,0.016048376,-0.0007227339,0.017183516,-0.00785448,-0.00659371,-0.027491186,0.007786818,-0.019244244,0.009002201,-0.0039225123,0.014202524,-0.019686827,0.009474549,-0.019719206,-0.013509939,0.013909436,0.020394113,0.026020939,0.013308805,0.006506831,-0.014184897,0.015116019,0.004363538,0.00045922384,0.0019244945,-0.011324165,0.01062269,0.0006206042,0.022197746,-0.0043890527,-0.0023518372,-0.024056973,0.01854078,0.018064726,-0.00774075,-0.015603099
2,Setiap neuron pada jaringan saraf tiruan menerima input lalu menghasilkan output melalui fungsi aktivasi,input,0.015565695,0.003630085,0.0023893379,0.02415648,-0.015443197,0.026418172,0.0065240446,0.004351917,0.0077416194,0.0013022593,-0.0049156453,0.019451147,-0.013095541,0.0023542007,0.006507709,0.01734904,-0.004545343,-0.0129367625,-0.017925138,-0.023003425,-0.01725728,-0.02476167,0.013615162,0.00961073,0.028274346,-0.023611516,-0.015687602,-0.014365216,-0.0068088886,-0.0062229345,0.0029075614,-0.0074996855,0.0044781854,-0.0032760939,-0.019490324,0.0109812245,0.00977931,-0.037838772,-0.006071698,0.01677931,0.018326808,0.01735142,0.0050697178,-0.00488976,0.012644255,-0.020163413,-0.005679669,0.0117646735,0.016077107,-0.027636131
2,Setiap neuron pada jaringan saraf tiruan menerima input lalu menghasilkan output melalui fungsi aktivasi,lalu,-0.012448603,-0.015014828,0.0047328835,0.006970806,0.010971411,0.015359996,-0.012492414,0.009806828,0.017162343,-0.0027674304,-0.008051045,0.0053375424,0.010344273,0.00031459544,0.02430088,0.0077666314,0.004689821,-0.02162636,0.016651195,-0.027565816,-0.007666698,-0.012202509,-0.0022965928,-0.0056523117,0.0032039548,-0.017932147,-0.015331555,-0.0037111905,-0.016722884,0.0031161462,0.0073515773,0.014988326,-0.003408948,0.010477313,0.0012104253,0.007836855,-0.0035247854,-0.028184608,-0.0147021115,0.014963948,0.004618681,0.0050502773,-0.0029363486,-0.0027349086,0.006636983,-0.0023698022,0.006277788,0.002539592,0.029195482,-0.013429718
2,Setiap neuron pada jaringan saraf tiruan menerima input lalu menghasilkan output melalui fungsi aktivasi,menghasilkan,-0.016763115,-0.02476347,-0.0111134285,0.024055872,-0.002237552,0.018606227,-0.011055765,-0.009223216,-0.0068079876,-0.015737297,0.015795443,-0.005032555,-0.008068394,0.029677812,0.009659313,0.002401847,0.0022896505,-0.0009229773,-0.010004302,-0.0018974078,0.015495968,-0.004373358,-0.0036088673,-0.019131597,0.0049176067,0.012052271,0.0029948137,-0.013524321,-0.012491565,0.0034540263,0.0044946354,0.014250446,-0.01418741,0.009762833,-0.0041859546,0.01957865,-0.020903755,-0.03254414,-0.0053871055,0.0033517352,0.017625416,-0.00093312026,0.025398787,-0.00078614266,-0.010964847,-0.022084156,0.023735601,-0.007978493,0.027404798,-0.021066902
2,Setiap neuron pada jaringan saraf tiruan menerima input lalu menghasilkan output melalui fungsi aktivasi,output,0.022612752,0.0061344635,0.017847655,-0.0026688909,-0.008542231,0.023159083,-0.01734852,-0.013942384,0.005314874,0.012465659,0.023618093,0.024643576,-0.018310677,0.020632127,0.018823992,0.012011551,0.013406348,0.002262989,-0.002946551,-0.025810454,-0.0015102628,-0.018926019,-0.016349258,-0.018834043,0.022442967,-0.005811055,0.0017705077,0.004212656,-0.007236361,0.0056150164,-0.013712594,0.019995665,-0.006178405,-0.009997703,0.010145297,0.011286892,-0.02448724,-0.02900549,-0.022874977,-0.005978338,-0.006712363,0.010960871,0.0084149055,0.019424122,0.014953118,-0.0012656109,0.0046194326,-0.011551446,-0.008688615,-0.0075352723
2,Setiap neuron pada jaringan saraf tiruan menerima input lalu menghasilkan output melalui fungsi aktivasi,melalui,-0.016041484,-0.014029227,0.00076088996,0.024663491,0.009127802,0.020271208,-0.0053810203,-0.011902334,-0.005589445,0.020632325,-0.013021488,0.022894248,0.00429538,0.0012255807,0.016769815,0.017267037,-0.017591625,-0.027109537,0.0065952754,0.012314542,-0.018562859,-0.00059261813,-0.015758594,0.0016230678,0.018890776,-0.022146283,0.007944735,0.010036406,0.0059575993,-0.018231329,-0.007014649,-0.004589761,-0.006131797,-0.010442619,0.012370288,0.013092467,0.0053714747,-0.029590253,-0.023266314,0.019372748,0.000890609,0.009202019,0.024390696,-0.018396264,-0.015160512,-0.026296943,-0.009283076,-0.011560872,0.021617465,-0.0072830473
2,Setiap neuron pada jaringan saraf tiruan menerima input lalu menghasilkan output melalui fungsi aktivasi,fungsi,0.021149615,-0.019694423,-0.016717078,0.024955308,0.0020226936,0.0058568357,0.0026612626,-0.0011175954,-0.016247217,0.009901429,-0.008753711,0.008529935,0.015635986,0.026128007,-0.0005703575,0.014273374,0.004622029,-0.011898693,-0.01445338,-0.01185595,0.00596506,0.012765655,-0.020484809,0.0049406714,0.027373252,0.012481471,-0.0022236789,-0.020560954,-0.0176547,0.014409124,0.018188171,0.010934013,-0.019027893,-0.011225092,-0.0029274141,0.004985165,-0.024872217,-0.008535463,-0.0014626733,-0.016920594,-0.007463448,-2.8637736e-05,0.015377045,0.013120005,0.0016508171,-0.013615853,0.022892373,0.004452357,0.0009255543,-0.013196044
2,Setiap neuron pada jaringan saraf tiruan menerima input lalu menghasilkan output melalui fungsi aktivasi,aktivasi,0.0026547671,0.0011334128,-0.013376369,-0.008322096,-0.015087892,0.00788228,-0.023906874,0.004907007,-0.0016638866,-0.0009958757,0.009995393,0.0050890325,0.007435978,0.016173594,0.020134958,0.014065951,0.00079506426,-0.007474169,-0.010688918,-0.000340821,-0.0141900135,0.013041031,0.013303395,-0.01798359,0.020171408,-0.018743003,0.009726657,-0.01992972,-0.0056617176,0.0066091213,0.011002667,9.276079e-05,0.014229948,0.013422467,-0.012747591,0.007914394,0.0053518,-0.017315999,0.007318411,0.017862486,0.018477103,0.012188322,0.009955509,-0.009221152,0.01443505,-0.009213214,0.0037818593,-0.0035591277,-0.002074673,-0.020820154
3,Proses pelatihan jaringan saraf tiruan menggunakan data dalam jumlah besar agar model semakin akurat,proses,0.0015811361,0.003053313,-0.012455275,0.016366994,0.0024764957,0.005574881,0.006336091,0.007813582,-0.017826743,-0.008109474,-0.00914226,0.013374484,-0.020914955,-0.0061718216,0.0067194477,0.00984279,0.0008470705,0.0067158677,0.016872136,-0.018950483,0.018852089,-0.00018538265,0.0049209073,-0.018779673,0.014245262,0.005163036,0.00502171,-0.020526525,-0.00486737,0.01796459,0.010201966,-0.011721516,0.015602975,0.021022772,-0.014702412,0.012508348,-0.00803424,-0.0067810733,-0.004012793,0.013288819,0.026547676,0.013410576,0.021714352,0.017512433,-0.013648387,-0.013872813,0.011160788,0.008631123,-0.012763813,-0.023317602
3,Proses pelatihan jaringan saraf tiruan menggunakan data dalam jumlah besar agar model semakin akurat,pelatihan,0.008185418,0.006549609,0.008499278,-0.008659835,0.014319815,0.0074149105,-0.013037279,0.003924361,0.01791147,0.01514024,0.018488916,0.003939237,0.007918692,0.0031924217,0.010855033,0.008661855,-0.0092160655,-0.02078712,-0.018104803,-0.020136898,-0.00143927,-0.007613576,-0.014046727,-0.0069240276,0.01781385,-0.016796002,-0.004066441,-0.010662746,-0.008215183,-0.0048553096,0.010702658,-0.0027481061,-0.006799929,-0.0013779708,-0.015131534,0.008024033,-0.016767405,-0.023464983,0.009417412,0.021482488,0.016848357,0.018712776,0.019883068,-0.00093099946,0.0155152185,-0.012011946,0.0012341826,0.008494049,0.02582588,0.0028254404
3,Proses pelatihan jaringan saraf tiruan menggunakan data dalam jumlah besar agar model semakin akurat,jaringan,0.019715762,-0.02045646,0.010936217,-0.0069882986,0.0126907835,0.024484456,-0.00023530354,0.013023149,-0.0031470296,0.009136637,-0.0003883897,0.021945974,-0.00337255,0.013257081,0.0073800865,0.008634305,-0.018087517,-0.03551073,-0.011084139,-0.026918296,-0.0011596364,-0.006184235,0.005199326,-0.006729518,0.040903855,-0.0077613364,-0.0133569315,0.000112656446,-0.012437746,0.006064506,0.0068288078,0.010371716,-0.025170038,0.009534465,0.0075387317,-0.006306452,-0.0060680746,-0.048294723,-0.010656233,0.0036639378,0.037195228,-0.0072640204,0.002722986,-0.0039096633,0.028257973,0.0042953803,-0.012474087,0.0025257035,0.027366733,-0.03847904
3,Proses pelatihan jaringan saraf tiruan menggunakan data dalam jumlah besar agar model semakin akurat,saraf,0.015912605,-0.02037879,-0.0067413375,0.009922542,0.0011408984,-0.006088835,-0.009635079,-0.007374797,0.0076858825,0.008023675,0.025442028,0.020454034,-0.010868291,0.033584975,0.0027351375,-0.0010123049,0.016933426,-0.024281446,-0.01680928,-0.011377708,0.013820734,-0.024152733,-0.0030684576,-0.020426558,0.031092675,-0.010233629,-0.0040568053,-0.019963855,-0.012293469,0.00716572,0.02089127,0.0053316043,-0.021008804,0.020178152,0.0013265694,0.008677022,-0.027003663,-0.034694802,0.00643865,0.01938577,0.01385209,0.016761763,0.025705162,-0.0046285586,0.023481315,-0.017477034,-0.0045979694,0.019333653,0.019111536,-0.033787943
3,Proses pelatihan jaringan saraf tiruan menggunakan data dalam jumlah besar agar model semakin akurat,tiruan,-0.011392426,0.00356611,0.0065335766,0.0087600015,-0.0026266465,0.02659848,-0.027169699,0.01379415,-0.013671133,-0.015784068,0.008383974,0.02912799,0.0047258786,0.023885552,0.01616832,0.016588934,0.0013747142,-0.033596158,0.013934186,-0.012767459,0.0010354397,-0.017109685,-0.013904386,0.012064781,0.03357705,-0.0028978991,-0.001516119,0.0047165803,-0.01149158,-0.0016655924,0.0024382928,-0.0037048985,-0.024135396,0.008758666,0.012381999,-0.016111111,0.0052966815,-0.013015725,-0.01377808,0.010973032,0.0021501204,0.014415903,0.01944913,-0.0061239493,-0.010356123,0.009838201,0.0036319532,0.027599808,0.02069936,-0.0062959515
3,Proses pelatihan jaringan saraf tiruan menggunakan data dalam jumlah besar agar model semakin akurat,menggunakan,0.0169449,-0.01094892,0.012502455,0.0013621481,0.020599032,0.009728937,0.0007820504,0.019767616,0.009873432,0.015248892,0.008641941,-0.009990042,-0.004734491,-0.0011431478,0.020902868,-0.006174923,-0.010175214,-0.026043372,0.0050444566,-0.005663449,0.01964314,-0.012939799,-0.01011835,-0.02285511,-0.00030585405,-0.012414059,0.020127833,-0.005854541,0.0042569595,-0.0155891795,-0.014063183,0.019665297,-0.022733698,-0.013259951,-0.0066439062,0.018050723,-0.001250718,-0.037901543,0.0093577225,0.018394154,0.02489875,0.019563079,-0.0014210549,0.019193161,-0.0011808558,0.004714745,0.007736861,0.020636464,0.01584029,-0.009225938
3,Proses pelatihan jaringan saraf tiruan menggunakan data dalam jumlah besar agar model semakin akurat,data,0.019116184,-0.01590281,0.016243903,0.0008227159,-0.0016506535,0.016678268,-0.023773668,0.0071156956,-0.0013507656,0.012420144,0.026652476,0.0153549025,-0.007994453,0.007929596,0.0028218105,0.017021006,-0.0067656157,-0.030276166,-0.007322653,-0.028766118,-0.014797875,-0.026621947,0.0099675795,0.004393632,0.028696505,-0.009751091,0.0112474635,-0.021066463,0.004278434,0.0007553126,0.020450672,-0.0076491204,-0.007417048,0.0132517675,-0.002977315,-0.0010223727,-0.021387167,-0.028184846,-0.014676224,-0.002897617,0.02128505,0.008293517,0.013055196,-0.0061608003,0.025054289,-0.023934545,-0.0021472613,-0.0052867276,0.0052991738,0.0023395626
3,Proses pelatihan jaringan saraf tiruan menggunakan data dalam jumlah besar agar model semakin akurat,dalam,-0.010115846,8.616972e-05,0.018007165,0.024291873,-0.00741442,0.007807044,-0.0072924076,-0.0054896483,-0.010946163,-0.009707922,0.027374525,0.01854378,0.0084229335,0.024341615,0.023840552,-0.011024904,0.01649023,-0.033919938,-0.0021560984,-0.0043646554,-0.003991964,-0.02447484,-0.014200275,0.008307274,0.012494824,-0.015825382,0.02075012,-0.021507429,0.005199224,0.01703947,0.0056168293,-0.00670136,-0.020863155,-0.004028067,-0.00030212934,-0.012438232,-0.010902284,-0.0375421,-0.00235918,-0.014338992,0.022842554,-0.014502869,-0.0027734612,-0.012643016,0.019659474,-0.02624523,0.0015360633,0.013423769,0.011711431,-0.0087385075
3,Proses pelatihan jaringan saraf tiruan menggunakan data dalam jumlah besar agar model semakin akurat,jumlah,0.023840303,0.010589122,-0.0007120375,-0.009291981,0.00575091,0.012252874,-0.023314446,0.010338128,0.012091286,-0.014671461,0.017270686,-0.004879235,0.0049773883,0.00888941,-0.014176063,0.023756811,-0.012422587,-0.013599774,-0.013792796,0.008499218,0.010891628,0.0016591654,-0.0043258597,-0.00578257,0.026392115,0.0023969857,0.01759088,-0.02762227,-0.0051892665,-0.015167906,-0.006230358,0.019682143,-0.017103484,0.016964888,-0.0046587368,-0.0095534315,-0.015808037,-0.02197662,0.0064672045,0.008872156,0.03216495,0.018283557,0.019553676,0.0037521722,-0.0010883197,-0.011904071,-0.01111145,0.004964955,0.028419247,-0.019059956
3,Proses pelatihan jaringan saraf tiruan menggunakan data dalam jumlah besar agar model semakin akurat,besar,0.0247026,0.0055387164,-0.0077795903,0.027760994,0.0013971712,0.008729927,-0.010902622,-0.009673962,0.015737755,-0.01871829,-0.0060851495,-0.0028211684,-0.013487842,-0.0042001777,-0.014168509,0.011505013,0.019378107,-0.03150488,-0.0089063,-0.007541466,0.018481899,-0.0021049932,0.009187259,-0.00094123546,0.016103892,-0.019882476,0.018483378,0.005015634,-0.02976241,0.009010464,-0.014582547,0.014953973,0.006067987,-0.01006777,-0.005889505,-0.01429805,-0.0051825326,-0.0043319515,-0.020297302,0.0010650012,0.0329672,-0.0047711213,-0.0059249382,-0.000512681,0.0065915654,-0.0013042827,-0.0035075601,0.028150823,0.01135513,-0.023654902
3,Proses pelatihan jaringan saraf tiruan menggunakan data dalam jumlah besar agar model semakin akurat,agar,0.0067114998,-0.02459679,-0.008754251,0.0057821264,0.020785721,0.0290486,-0.022611886,0.01997315,-0.017386634,0.011080823,0.02140296,0.023756541,-0.015462452,0.026997935,-0.010729547,0.0056902305,-0.00015982336,-0.023026107,-0.020870993,0.0030168423,-0.0053900597,-0.0031594262,-0.0052453945,-0.009347464,0.034524817,-0.024565792,0.012210878,0.002385153,-0.015784267,-0.009482923,-0.018105686,0.024027236,0.011508776,-0.0057352576,-0.0219176,-0.013929434,-0.026378961,-0.007926051,0.012454491,-0.009175729,0.02332524,-0.009924818,0.0030674946,0.004155858,0.015609145,0.007866257,-0.014565143,-0.0034148917,0.0018565684,-0.022872696
3,Proses pelatihan jaringan saraf tiruan menggunakan data dalam jumlah besar agar model semakin akurat,model,-0.0013841514,0.008596207,-0.020095361,0.021699946,0.0033794246,-0.0070161475,-0.01453052,0.0057560666,-0.008011203,-0.015030429,0.012426945,0.012808991,-0.018697403,-0.00094167225,-0.00683906,0.010448266,0.009976339,-0.0025197417,0.016159197,0.0045983745,-0.0064531565,-0.022807973,0.0034544207,0.0137048485,0.033044104,-0.017475514,-0.008474586,-0.02405223,-0.022450905,0.0020013729,0.0027142616,-0.0003690805,-0.011539258,0.016284522,-0.004379381,0.013153151,0.012078865,-0.022282649,-0.014170666,0.021540666,0.01563621,-0.0061503304,0.010798608,0.0008705528,0.021139385,-0.014539386,0.022190599,0.023961678,-0.005330031,-0.024316171
3,Proses pelatihan jaringan saraf tiruan menggunakan data dalam jumlah besar agar model semakin akurat,semakin,-0.009559171,-0.0044507356,-0.012949885,-0.00090543384,0.0074969297,-0.007807363,0.0012104916,-0.0128593035,-0.013935563,0.0035484205,0.016766075,-0.007617243,-0.011142198,0.024702147,0.023038333,0.006801562,-0.0012357179,-0.016969657,0.0038163427,-0.0018384766,-0.0071977684,-0.025771005,-0.015228546,0.015505139,0.009900773,-0.0059496416,0.00079014414,0.0061817,-0.024972612,-0.016430415,-0.007754738,0.003629287,0.0021678435,0.0029784301,-0.0043539647,0.018181866,-0.019483153,-0.01185965,-0.0008976082,0.0022820958,0.02191567,-0.0072245826,0.02445358,-0.006750642,0.0058810953,-0.00446196,0.016695391,0.0039000816,-0.0010584722,-0.029634215
3,Proses pelatihan jaringan saraf tiruan menggunakan data dalam jumlah besar agar model semakin akurat,akurat,-0.0013640935,0.01163098,-0.00053184264,0.015238508,-0.00033122202,-0.0022876651,0.0037952818,0.022626292,-0.010535052,0.011844927,-0.003957982,0.015261491,0.008307945,0.0067363414,0.013225601,-0.0060713543,-0.016397644,-0.029132077,-0.00296451,0.010101476,-0.013565089,-0.009252081,0.006875172,-0.015205078,0.023617065,-0.014002729,0.01517201,-0.002188204,-0.0067794095,-0.0127354795,0.00028260695,0.019653782,-0.024898252,0.013814086,-0.0027709354,0.008968415,-0.00011573138,-0.019149285,-0.010281365,0.008423543,-0.003965033,0.0057193832,-0.009680033,0.006034236,0.010707149,-0.02242955,0.013317467,0.0041963276,0.019975796,-0.030227177
