No,Judul Berita,Tautan,Kategori,Tanggal
1,"Eyangnya Meninggal, Kaesang Menyesal Belum Sempat Kirim Sang Pisang",https://hot.detik.com/celeb/d-4954259/eyangnya-meninggal-kaesang-menyesal-belum-sempat-kirim-sang-pisang,hot,03/26/2020
2,Ada Empat Agensi yang Setuju X1 Tak Dibubarkan,https://hot.detik.com/detiktv/d-4852708/ada-empat-agensi-yang-setuju-x1-tak-dibubarkan,hot,01/09/2020
3,Jefri Nichol Bertarung dengan Nyai Roro Kidul,https://hot.detik.com/music/d-4942942/jefri-nichol-bertarung-dengan-nyai-roro-kidul,hot,03/17/2020
4,"Setelah Hoax Meninggal Dunia, Mamah Dedeh Silaturahmi ke Rumah Abdel",https://hot.detik.com/celeb/d-5035507/setelah-hoax-meninggal-dunia-mamah-dedeh-silaturahmi-ke-rumah-abdel,hot,05/31/2020
5,Fenomena Datang ke Pernikahan Mantan di 'Temen Kondangan',https://hot.detik.com/detiktv/d-4877975/fenomena-datang-ke-pernikahan-mantan-di-temen-kondangan,hot,01/29/2020
6,"Digugat Rp 4 M, Jefri Nichol Baru Terima Surat Gugatan",https://hot.detik.com/detiktv/d-4941275/digugat-rp-4-m-jefri-nichol-baru-terima-surat-gugatan,hot,03/16/2020
7,Tangis Pesinetron Aulia Farhan Usai Polisi Nyatakan Positif Narkoba,https://hot.detik.com/detiktv/d-4908414/tangis-pesinetron-aulia-farhan-usai-polisi-nyatakan-positif-narkoba,hot,02/21/2020
8,Kekeyi Takut Dipenjara Sampai Tak Bisa Makan Gegara Tudingan Plagiat,https://hot.detik.com/celeb/d-5037012/kekeyi-takut-dipenjara-sampai-tak-bisa-makan-gegara-tudingan-plagiat,hot,06/02/2020
9,Begini Cara Dukung Stephanie Poetri Menang di iHeartRadio Awards 2020,https://hot.detik.com/music/d-4852643/begini-cara-dukung-stephanie-poetri-menang-di-iheartradio-awards-2020,hot,01/09/2020
10,"Kalahkan Backstreet Boys, BTS Puncaki Daftar Konser Pop Terlaris 2019",https://hot.detik.com/kpop/d-5004144/kalahkan-backstreet-boys-bts-puncaki-daftar-konser-pop-terlaris-2019,hot,05/06/2020
11,Joo Ji Hoon Ungkap Cerita di Balik Layar Peran Zombie di 'Kingdom',https://hot.detik.com/mainstage/d-4970249/joo-ji-hoon-ungkap-cerita-di-balik-layar-peran-zombie-di-kingdom,hot,04/08/2020
12,Kontroversi dan Sejarah Panjang Piala Oscar,https://hot.detik.com/movie/d-4892289/kontroversi-dan-sejarah-panjang-piala-oscar,hot,02/09/2020
13,Disko ala Dian Sastrowardoyo dalam 'Serenata Jiwa Lara',https://hot.detik.com/music/d-4942504/disko-ala-dian-sastrowardoyo-dalam-serenata-jiwa-lara,hot,03/17/2020
14,"Nikita Mirzani Dijemput Paksa Polisi, Sahabat: Anggap Aja Lagi Syuting",https://hot.detik.com/celeb/d-4880083/nikita-mirzani-dijemput-paksa-polisi-sahabat-anggap-aja-lagi-syuting,hot,01/31/2020
15,Sinopsis 'Jupiter Ascending' yang Tayang di Bioskop Trans TV Malam Ini,https://hot.detik.com/tv-news/d-5047555/sinopsis-jupiter-ascending-yang-tayang-di-bioskop-trans-tv-malam-ini,hot,06/10/2020
16,"Suami Ingin Cerai, DJ Butterfly: Kamu Nggak Bisa Paksa Aku Salah",https://hot.detik.com/celeb/d-4938647/suami-ingin-cerai-dj-butterfly-kamu-nggak-bisa-paksa-aku-salah,hot,03/14/2020
17,"Tak Bisa Temani, Pasha 'Ungu' Rayakan Ultah Anak di Instagram Live",https://hot.detik.com/celeb/d-4985619/tak-bisa-temani-pasha-ungu-rayakan-ultah-anak-di-instagram-live,hot,04/21/2020
18,"Corey Taylor 'Slipknot' Lelang 13 Gitarnya Nih, Minat?",https://hot.detik.com/music/d-4994033/corey-taylor-slipknot-lelang-13-gitarnya-nih-minat,hot,04/28/2020
19,Deretan Film Hollywood yang Juga Ditunda Rilis di Bioskop,https://hot.detik.com/movie/d-5045002/deretan-film-hollywood-yang-juga-ditunda-rilis-di-bioskop,hot,06/08/2020
20,Cara Romantis Pangeran Harry-Meghan Markle Rayakan 2 Tahun Pernikahan,https://hot.detik.com/celeb/d-5024986/cara-romantis-pangeran-harry-meghan-markle-rayakan-2-tahun-pernikahan,hot,05/22/2020
21,Berkas Kasus Nikita Mirzani Akan Dilimpahkan ke Kejaksaan,https://hot.detik.com/detiktv/d-4853450/berkas-kasus-nikita-mirzani-akan-dilimpahkan-ke-kejaksaan,hot,01/09/2020
22,"Nyanyikan Lagu 'Layang Kangen' dan 'Cidro', Putra Didi Kempot Nangis",https://hot.detik.com/celeb/d-5009530/nyanyikan-lagu-layang-kangen-dan-cidro-putra-didi-kempot-nangis,hot,05/10/2020
23,Rio Reifan Divonis 1 Tahun 8 Bulan Penjara,https://hot.detik.com/detiktv/d-4893705/rio-reifan-divonis-1-tahun-8-bulan-penjara,hot,02/10/2020
24,Bangganya BCL Saat Ashraf Sinclair Bikin Kostum untuk Noah,https://hot.detik.com/celeb/d-4907248/bangganya-bcl-saat-ashraf-sinclair-bikin-kostum-untuk-noah,hot,02/20/2020
25,Rama Sugianto Minta Maaf Usai Dinilai Mesum Komentari Fans Wanita Liga 1,https://hot.detik.com/celeb/d-4931576/rama-sugianto-minta-maaf-usai-dinilai-mesum-komentari-fans-wanita-liga-1,hot,03/09/2020
26,Dukungan Sahabat saat Tahu Zaskia Gotik Dipersunting Sirajuddin Mahmud,https://hot.detik.com/celeb/d-4999743/dukungan-sahabat-saat-tahu-zaskia-gotik-dipersunting-sirajuddin-mahmud,hot,05/02/2020
27,Ben Affleck: Cerai dari Jennifer Garner Adalah Kesalahan Terbesarku,https://hot.detik.com/celeb/d-4907694/ben-affleck-cerai-dari-jennifer-garner-adalah-kesalahan-terbesarku,hot,02/20/2020
28,"Johny Indo, Si Robin Hood Indonesia Meninggal Dunia",https://hot.detik.com/celeb/d-4873969/johny-indo-si-robin-hood-indonesia-meninggal-dunia,hot,01/26/2020
29,"Sosok Andrew Jack, Aktor Star Wars yang Meninggal Akibat Corona",https://hot.detik.com/celeb/d-4961636/sosok-andrew-jack-aktor-star-wars-yang-meninggal-akibat-corona,hot,04/01/2020
30,"Selalu Kompak, BTS Juga Kerap Debat Gara-gara Pangsit",https://hot.detik.com/kpop/d-4915354/selalu-kompak-bts-juga-kerap-debat-gara-gara-pangsit,hot,02/26/2020
31,Milea dan Dilan Sowan ke Rumah Ridwan Kamil,https://hot.detik.com/detiktv/d-4890152/milea-dan-dilan-sowan-ke-rumah-ridwan-kamil,hot,02/07/2020
32,"Kenang Tampar Vanesha Prescilla, Giulio: 11 Kali Take, Kena 2",https://hot.detik.com/movie/d-4897448/kenang-tampar-vanesha-prescilla-giulio-11-kali-take-kena-2,hot,02/13/2020
33,Deretan Musisi Mancanegara yang Buat Konser Digital,https://hot.detik.com/music/d-4948973/deretan-musisi-mancanegara-yang-buat-konser-digital,hot,03/22/2020
34,"Coca-Cola Rilis Film Online, Sebarkan Semangat Positif Lawan Pandemi",https://hot.detik.com/movie/d-5038030/coca-cola-rilis-film-online-sebarkan-semangat-positif-lawan-pandemi,hot,06/02/2020
35,"Bila Tersesat di Hutan, Luna Maya Pilih Nebeng Mobil Ariel, Junot atau Ryochin?",https://hot.detik.com/celeb/d-4997016/bila-tersesat-di-hutan-luna-maya-pilih-nebeng-mobil-ariel-junot-atau-ryochin,hot,04/30/2020
36,Cerita Awal Jenny Cortez Hiasi Panggung Hiburan,https://hot.detik.com/detiktv/d-4933292/cerita-awal-jenny-cortez-hiasi-panggung-hiburan,hot,03/10/2020
37,Lucinta Luna Tetap Membisu Usai Diperiksa di BNN Lido,https://hot.detik.com/detiktv/d-4896576/lucinta-luna-tetap-membisu-usai-diperiksa-di-bnn-lido,hot,02/12/2020
38,Ketegaran Ayah Ashraf Sinclair Usai Kepergian Sang Putra,https://hot.detik.com/detiktv/d-4921309/ketegaran-ayah-ashraf-sinclair-usai-kepergian-sang-putra,hot,03/02/2020
39,"Tersangka Penganiayaan, Nikita Mirzani Segera Dijemput Paksa Polisi",https://hot.detik.com/celeb/d-4877878/tersangka-penganiayaan-nikita-mirzani-segera-dijemput-paksa-polisi,hot,01/29/2020
40,Alasan Sule Batal Nikahi Pramugari,https://hot.detik.com/celeb/d-4921058/alasan-sule-batal-nikahi-pramugari,hot,03/01/2020
41,Mengenal Penulis 'Little Women' yang Filmnya Masuk Oscar 2020,https://hot.detik.com/book/d-4889953/mengenal-penulis-little-women-yang-filmnya-masuk-oscar-2020,hot,02/07/2020
42,"Lewat Foto Ini, Deva Mahenra Isyaratkan Pacaran dengan Mikha Tambayong?",https://hot.detik.com/celeb/d-4986053/lewat-foto-ini-deva-mahenra-isyaratkan-pacaran-dengan-mikha-tambayong,hot,04/22/2020
43,"Cukup, Hayley Williams Tak Mau Lebih Terkenal Lagi",https://hot.detik.com/music/d-4961062/cukup-hayley-williams-tak-mau-lebih-terkenal-lagi,hot,04/01/2020
44,Terungkap! Hubungan Teddy dengan Keluarga Lina eks Sule Tak Dekat,https://hot.detik.com/celeb/d-4902411/terungkap-hubungan-teddy-dengan-keluarga-lina-eks-sule-tak-dekat,hot,02/17/2020
45,Ini Alasan Rizky Febian Bermusik Secara Independen,https://hot.detik.com/music/d-4890206/ini-alasan-rizky-febian-bermusik-secara-independen,hot,02/07/2020
46,'Dilan' sebagai Film Penanda Zaman di Era Millenial,https://hot.detik.com/movie/d-4958218/dilan-sebagai-film-penanda-zaman-di-era-millenial,hot,03/30/2020
47,Yuni Shara Tak Masalahkan Larangan Mudik Lebaran,https://hot.detik.com/celeb/d-4990916/yuni-shara-tak-masalahkan-larangan-mudik-lebaran,hot,04/25/2020
48,Dokumenter Tragedi Kapal Sewol 'In the Absence' Raih Nominasi Oscar,https://hot.detik.com/movie/d-4858162/dokumenter-tragedi-kapal-sewol-in-the-absence-raih-nominasi-oscar,hot,01/14/2020
49,"Telusuri Sebab Meninggalnya Lina, Bentuk Kasih Sayang Rizky Febian",https://hot.detik.com/celeb/d-4855226/telusuri-sebab-meninggalnya-lina-bentuk-kasih-sayang-rizky-febian,hot,01/11/2020
50,"Zaskia Gotik Resmi Menikah, Sahabat Akui Doanya Terkabul",https://hot.detik.com/celeb/d-4989536/zaskia-gotik-resmi-menikah-sahabat-akui-doanya-terkabul,hot,04/24/2020
51,Udin Penyok Rela Tak Mudik Meski Kangen Solo,https://hot.detik.com/detiktv/d-5026162/udin-penyok-rela-tak-mudik-meski-kangen-solo,hot,05/23/2020
52,"Semakin Serius, Wijin Sudah Dekat dengan Ayah Gisel?",https://hot.detik.com/celeb/d-5042931/semakin-serius-wijin-sudah-dekat-dengan-ayah-gisel,hot,06/06/2020
53,Jefri Nichol-Aurora Ribero di Poster 'Seperti Hujan yang Jatuh ke Bumi',https://hot.detik.com/movie/d-4994056/jefri-nichol-aurora-ribero-di-poster-seperti-hujan-yang-jatuh-ke-bumi,hot,04/28/2020
54,"Sembuh dari Kecanduan Obat-obatan, Eminem Dapat Medali",https://hot.detik.com/music/d-4986011/sembuh-dari-kecanduan-obat-obatan-eminem-dapat-medali,hot,04/22/2020
55,Kamga Jadi Penata Vokal Album 'No Make Up' dari Coldiac,https://hot.detik.com/music/d-4891998/kamga-jadi-penata-vokal-album-no-make-up-dari-coldiac,hot,02/09/2020
56,Kartu Pra Kerja untuk 'Obati' Industri Kreatif di Tengah Pandemi Dinilai Tak Efektif,https://hot.detik.com/music/d-4976766/kartu-pra-kerja-untuk-obati-industri-kreatif-di-tengah-pandemi-dinilai-tak-efektif,hot,04/14/2020
57,Raffi Bocor! Vicky Prasetyo Disebut Pernah ke Apartemen Shinta Bachir Tengah Malam,https://hot.detik.com/celeb/d-5012055/raffi-bocor-vicky-prasetyo-disebut-pernah-ke-apartemen-shinta-bachir-tengah-malam,hot,05/12/2020
58,'The Last Days on Mars' Perdana di Layar Kaca Lewat Bioskop Trans TV,https://hot.detik.com/tv-news/d-5043049/the-last-days-on-mars-perdana-di-layar-kaca-lewat-bioskop-trans-tv,hot,06/06/2020
59,"Detri Warmanto, Aktor yang Positif Corona adalah Menantu Tjahjo Kumolo",https://hot.detik.com/celeb/d-4947899/detri-warmanto-aktor-yang-positif-corona-adalah-menantu-tjahjo-kumolo,hot,03/21/2020
60,Ungkapan Duka Musisi Dengar Kabar Glenn Fredly Meninggal,https://hot.detik.com/music/d-4970287/ungkapan-duka-musisi-dengar-kabar-glenn-fredly-meninggal,hot,04/08/2020
61,'Blue Moon Rising' Jadi yang Baru dari Noel Gallagher,https://hot.detik.com/music/d-4881259/blue-moon-rising-jadi-yang-baru-dari-noel-gallagher,hot,01/31/2020
62,Barang-barang Ridwan Kamil dan Ganjar Dilelang Armand Maulana Laku Keras,https://hot.detik.com/detiktv/d-5017991/barang-barang-ridwan-kamil-dan-ganjar-dilelang-armand-maulana-laku-keras,hot,05/17/2020
63,"Perjalanan Cinta Zaskia Gotik: Vicky Prasetyo, Baim Wong hingga Rian",https://hot.detik.com/celeb/d-4999589/perjalanan-cinta-zaskia-gotik-vicky-prasetyo-baim-wong-hingga-rian,hot,05/02/2020
64,"Hamil Saat Pandemi Corona, Katy Perry Curhat soal Depresi",https://hot.detik.com/celeb/d-5013207/hamil-saat-pandemi-corona-katy-perry-curhat-soal-depresi,hot,05/13/2020
65,"BTS, EXO, dan SuJu Bersaing di Rangking Reputasi Brand Februari",https://hot.detik.com/kpop/d-4891500/bts-exo-dan-suju-bersaing-di-rangking-reputasi-brand-februari,hot,02/08/2020
66,"Doa Tahun Ini Spesial, Gian Zola dan Ghea Youbi Akan Nikah Muda?",https://hot.detik.com/celeb/d-4886627/doa-tahun-ini-spesial-gian-zola-dan-ghea-youbi-akan-nikah-muda,hot,02/05/2020
67,Begini Kondisi Terbaru Dwi Sasono di Tahanan,https://hot.detik.com/celeb/d-5038902/begini-kondisi-terbaru-dwi-sasono-di-tahanan,hot,06/03/2020
68,"Lagu Kekeyi Trending, Rian 'D'MASIV' Kasih Jempol dan Rinni Wulandari Ikut Nyanyi",https://hot.detik.com/music/d-5034659/lagu-kekeyi-trending-rian-dmasiv-kasih-jempol-dan-rinni-wulandari-ikut-nyanyi,hot,05/30/2020
69,"Butuh Nyali Besar Buat Arsya Wijaya Lamar Jane Shalimar, Kenapa Tuh?",https://hot.detik.com/celeb/d-4870482/butuh-nyali-besar-buat-arsya-wijaya-lamar-jane-shalimar-kenapa-tuh,hot,01/23/2020
70,"Perankan 'G.I Joe', Henry Golding Alami Cedera Pinggang dan Otot Robek",https://hot.detik.com/movie/d-5001330/perankan-gi-joe-henry-golding-alami-cedera-pinggang-dan-otot-robek,hot,05/04/2020
71,The Strokes Nyanyikan Dua Lagu Baru di Kampanye Politikus AS,https://hot.detik.com/music/d-4894846/the-strokes-nyanyikan-dua-lagu-baru-di-kampanye-politikus-as,hot,02/11/2020
72,"Mualaf Sebelum Ramadan, Kekasih Bule Cita Citata Ingin Rasakan Bulan Puasa",https://hot.detik.com/celeb/d-4984034/mualaf-sebelum-ramadan-kekasih-bule-cita-citata-ingin-rasakan-bulan-puasa,hot,04/20/2020
73,"Kenalan dengan WayV, Sub-Unit NCT yang Nggak Kalah Mempesona!",https://hot.detik.com/kpop/d-4930997/kenalan-dengan-wayv-sub-unit-nct-yang-nggak-kalah-mempesona,hot,03/09/2020
74,Pendapat Sang Anak saat Gwyneth Paltrow Jual Alat Bantu Seks,https://hot.detik.com/celeb/d-4915273/pendapat-sang-anak-saat-gwyneth-paltrow-jual-alat-bantu-seks,hot,02/26/2020
75,"Kolaborasi Dua Lipa dan Hwasa 'MAMAMOO' Akhirnya Dirilis, Dengarkan di Sini!",https://hot.detik.com/kpop/d-4943822/kolaborasi-dua-lipa-dan-hwasa-mamamoo-akhirnya-dirilis-dengarkan-di-sini,hot,03/18/2020
76,Putri Lina eks Sule: 1.000 yang Datang Tak Sama dengan 1 yang Pergi,https://hot.detik.com/celeb/d-4849185/putri-lina-eks-sule-1000-yang-datang-tak-sama-dengan-1-yang-pergi,hot,01/07/2020
77,"Pakai Masker, Luna Maya Ziarah ke Makam Ayah",https://hot.detik.com/celeb/d-5027050/pakai-masker-luna-maya-ziarah-ke-makam-ayah,hot,05/24/2020
78,"Keyboardis Positif Corona, Jon Bon Jovi Ajak Fans Tulis Lagu Sambil Isolasi Diri",https://hot.detik.com/music/d-4951703/keyboardis-positif-corona-jon-bon-jovi-ajak-fans-tulis-lagu-sambil-isolasi-diri,hot,03/24/2020
79,Paulo Coelho Sediakan e-Book Gratis Selama Pandemi Corona,https://hot.detik.com/book/d-4949124/paulo-coelho-sediakan-e-book-gratis-selama-pandemi-corona,hot,03/22/2020
80,Jenazah Allan Wangsa Dibawa ke Cipanas,https://hot.detik.com/celeb/d-4886405/jenazah-allan-wangsa-dibawa-ke-cipanas,hot,02/05/2020
81,"Pasha dan Enda ke Politik, Bagaimana Nasib Ungu?",https://hot.detik.com/detiktv/d-4872541/pasha-dan-enda-ke-politik-bagaimana-nasib-ungu,hot,01/24/2020
82,"Dikritik Usai Panggil Almarhum Uje 'Bang Bro', Abidzar Beri Penjelasan Ini",https://hot.detik.com/celeb/d-4975196/dikritik-usai-panggil-almarhum-uje-bang-bro-abidzar-beri-penjelasan-ini,hot,04/13/2020
83,Bosan di Rumah? Ada e-Book Gratis Setiap Pekan,https://hot.detik.com/book/d-5007372/bosan-di-rumah-ada-e-book-gratis-setiap-pekan,hot,05/08/2020
84,'Joker' hingga 'Chernobyl' Sabet Penghargaan Golden Globe 2020,https://hot.detik.com/detiktv/d-4848140/joker-hingga-chernobyl-sabet-penghargaan-golden-globe-2020,hot,01/06/2020
85,Awal Kisah Cinta Sahrul Gunawan dan Calon Istri yang Beda 19 Tahun,https://hot.detik.com/celeb/d-4895402/awal-kisah-cinta-sahrul-gunawan-dan-calon-istri-yang-beda-19-tahun,hot,02/11/2020
86,Mengintip Konsep Lamaran Caesar Hito-Felicya Angelista Malam Ini,https://hot.detik.com/detiktv/d-4891226/mengintip-konsep-lamaran-caesar-hito-felicya-angelista-malam-ini,hot,02/08/2020
87,Hasil Tes Lucinta Luna Positif Amfetamin,https://hot.detik.com/celeb/d-4902674/hasil-tes-lucinta-luna-positif-amfetamin,hot,02/17/2020
88,Resiah Lim Ungkap Risiko Bekerja dengan Artis,https://hot.detik.com/celeb/d-4943691/resiah-lim-ungkap-risiko-bekerja-dengan-artis,hot,03/18/2020
89,DC Ceritakan Kembali Wonder Woman,https://hot.detik.com/book/d-4897691/dc-ceritakan-kembali-wonder-woman,hot,02/13/2020
90,Bintang 'Westworld' Sindir Film Marvel Cuma Buat Anak-anak,https://hot.detik.com/movie/d-5014582/bintang-westworld-sindir-film-marvel-cuma-buat-anak-anak,hot,05/14/2020
91,Selamat! Glenn Fredly dan Mutia Ayu Dikaruniai Anak Pertama,https://hot.detik.com/celeb/d-4919530/selamat-glenn-fredly-dan-mutia-ayu-dikaruniai-anak-pertama,hot,02/29/2020
92,Delon Wajib Bersama Keluarga saat Imlek,https://hot.detik.com/celeb/d-4873161/delon-wajib-bersama-keluarga-saat-imlek,hot,01/25/2020
93,"Paskah di Italia Sepi, Asmara Abigail: Saatnya Doa untuk Semua Umat",https://hot.detik.com/celeb/d-4972625/paskah-di-italia-sepi-asmara-abigail-saatnya-doa-untuk-semua-umat,hot,04/10/2020
94,Terbius Kecantikan Elina Joerg,https://hot.detik.com/celeb/d-5037499/terbius-kecantikan-elina-joerg,hot,06/02/2020
95,"Kenang Ventje Rumangkang, Angel Karamoy: Heronya Keluarga",https://hot.detik.com/detiktv/d-4912588/kenang-ventje-rumangkang-angel-karamoy-heronya-keluarga,hot,02/24/2020
96,Tangis Cita Citata Iringi Proses Mualaf Pacar Bulenya,https://hot.detik.com/celeb/d-4984500/tangis-cita-citata-iringi-proses-mualaf-pacar-bulenya,hot,04/21/2020
97,Dokter Tirta Protes Soal Jerinx Sebut Corona Konspirasi,https://hot.detik.com/celeb/d-4993399/dokter-tirta-protes-soal-jerinx-sebut-corona-konspirasi,hot,04/27/2020
98,"Perhiasan Lina Rp 2 M Raib, Apa Langkah Rizky Febian?",https://hot.detik.com/celeb/d-4886182/perhiasan-lina-rp-2-m-raib-apa-langkah-rizky-febian,hot,02/05/2020
99,"Kontroversi Ria Ricis, Pamit dari YouTube hingga Kena Omel Deddy Corbuzier",https://hot.detik.com/celeb/d-4965422/kontroversi-ria-ricis-pamit-dari-youtube-hingga-kena-omel-deddy-corbuzier,hot,04/04/2020
100,"Hidup Berubah Setelah Idap Corona, Idris Elba: Tentu Menakutkan",https://hot.detik.com/detiktv/d-4983631/hidup-berubah-setelah-idap-corona-idris-elba-tentu-menakutkan,hot,04/20/2020
101,"Susul Italia, Denmark Juga Di-lockdown Imbas Virus Corona",https://health.detik.com/berita-detikhealth/d-4935778/susul-italia-denmark-juga-di-lockdown-imbas-virus-corona,health,03/12/2020
102,Mungkinkah Virus Corona Aktif Lagi Setelah Pasien Dinyatakan Sembuh?,https://health.detik.com/berita-detikhealth/d-4978767/mungkinkah-virus-corona-aktif-lagi-setelah-pasien-dinyatakan-sembuh,health,04/16/2020
103,"Sebaran Kasus Corona RI 9 Juni, 11.414 Sembuh dan 1.923 Meninggal",https://health.detik.com/berita-detikhealth/d-5046688/sebaran-kasus-corona-ri-9-juni-11414-sembuh-dan-1923-meninggal,health,06/09/2020
104,"Kisah Pasien 03, Buka-bukaan Awal Tertular Virus Corona Sampai Sembuh",https://health.detik.com/berita-detikhealth/d-4944235/kisah-pasien-03-buka-bukaan-awal-tertular-virus-corona-sampai-sembuh,health,03/18/2020
105,4 Variasi Seks Ketika Penetrasi Biasa Terasa Menyiksa,https://health.detik.com/sexual-health/d-4947758/4-variasi-seks-ketika-penetrasi-biasa-terasa-menyiksa,health,03/20/2020
106,Ibu dan Anak Berhasil Melarikan Diri dari Pusat Wabah Virus Corona,https://health.detik.com/berita-detikhealth/d-4914047/ibu-dan-anak-berhasil-melarikan-diri-dari-pusat-wabah-virus-corona,health,02/25/2020
107,Pria Ini Bikin Sendiri Hazmat 'Anti Corona' dari Kantong Plastik Sampah,https://health.detik.com/berita-detikhealth/d-4953547/pria-ini-bikin-sendiri-hazmat-anti-corona-dari-kantong-plastik-sampah,health,03/26/2020
108,Berapa Lama Virus Corona Bertahan di Dalam Tubuh?,https://health.detik.com/berita-detikhealth/d-5041425/berapa-lama-virus-corona-bertahan-di-dalam-tubuh,health,06/05/2020
109,Plus-Minus dan Hal Penting Lain Soal Masker Kain yang Kini Wajib Dipakai,https://health.detik.com/berita-detikhealth/d-4966551/plus-minus-dan-hal-penting-lain-soal-masker-kain-yang-kini-wajib-dipakai,health,04/06/2020
110,"Viral Tegal Pesta Kembang Api, Berakhirnya PSBB Bukan Berarti Aman Corona",https://health.detik.com/berita-detikhealth/d-5024391/viral-tegal-pesta-kembang-api-berakhirnya-psbb-bukan-berarti-aman-corona,health,05/22/2020
111,Catat! Ini Bahan-bahan untuk Membuat Hand Sanitizer Menurut WHO,https://health.detik.com/berita-detikhealth/d-4959120/catat-ini-bahan-bahan-untuk-membuat-hand-sanitizer-menurut-who,health,03/31/2020
112,Duka Cita untuk Para Dokter yang Meninggal Saat Pandemi Virus Corona,https://health.detik.com/berita-detikhealth/d-4949400/duka-cita-untuk-para-dokter-yang-meninggal-saat-pandemi-virus-corona,health,03/23/2020
113,"Minder Punya Mr P Kecil? Faktanya, Pasangan Malah Lebih Terpuaskan",https://health.detik.com/sexual-health/d-4843211/minder-punya-mr-p-kecil-faktanya-pasangan-malah-lebih-terpuaskan,health,01/02/2020
114,4 Mitos Keperawanan yang Katanya Akan Dilelang Sarah Salsabila,https://health.detik.com/berita-detikhealth/d-5023213/4-mitos-keperawanan-yang-katanya-akan-dilelang-sarah-salsabila,health,05/21/2020
115,"Positif Corona Gegara Buka Peti, Begini Pemulasaran Jenazah Sesuai Fatwa MUI",https://health.detik.com/berita-detikhealth/d-5018860/positif-corona-gegara-buka-peti-begini-pemulasaran-jenazah-sesuai-fatwa-mui,health,05/18/2020
116,Peneliti FTUI Kembangkan Propolis Sebagai Penangkal Corona,https://health.detik.com/detiktv/d-4927261/peneliti-ftui-kembangkan-propolis-sebagai-penangkal-corona,health,03/05/2020
117,"Disebut Bisa Cegah Penyebaran Virus Corona, Apa Itu Social Distancing?",https://health.detik.com/berita-detikhealth/d-4939205/disebut-bisa-cegah-penyebaran-virus-corona-apa-itu-social-distancing,health,03/14/2020
118,"Sambut New Normal, Kesehatan Fisik & Mental Sama-sama Penting",https://health.detik.com/berita-detikhealth/d-5043762/sambut-new-normal-kesehatan-fisik--mental-sama-sama-penting,health,06/07/2020
119,"Cuma Sekali Pakai, Begini Nasib Baju Hazmat Setelah Tak Digunakan",https://health.detik.com/berita-detikhealth/d-4954715/cuma-sekali-pakai-begini-nasib-baju-hazmat-setelah-tak-digunakan,health,03/27/2020
120,5 Cara Taklukkan Pasangan Saat Bercinta,https://health.detik.com/sexual-health/d-5003684/5-cara-taklukkan-pasangan-saat-bercinta,health,05/05/2020
121,"Mal Bakal Buka Lagi, Ini Protokol 'New Normal' untuk Cegah Corona",https://health.detik.com/berita-detikhealth/d-5037711/mal-bakal-buka-lagi-ini-protokol-new-normal-untuk-cegah-corona,health,06/02/2020
122,4 Alasan Mengapa Seseorang Bisa Terobsesi Pada Seks,https://health.detik.com/sexual-health/d-4958894/4-alasan-mengapa-seseorang-bisa-terobsesi-pada-seks,health,03/30/2020
123,"Bertambah Lagi, Dua Dokter Indonesia Meninggal karena Virus Corona",https://health.detik.com/berita-detikhealth/d-4955383/bertambah-lagi-dua-dokter-indonesia-meninggal-karena-virus-corona,health,03/27/2020
124,Bolehkah Kelompok Rentan Terinfeksi Corona Berpuasa Penuh Saat Ramadhan?,https://health.detik.com/berita-detikhealth/d-4989263/bolehkah-kelompok-rentan-terinfeksi-corona-berpuasa-penuh-saat-ramadhan,health,04/24/2020
125,Mobile JKN Mudahkan Layanan BPJS Kesehatan Tanpa Keluar Rumah,https://health.detik.com/infografis/d-4971111/mobile-jkn-mudahkan-layanan-bpjs-kesehatan-tanpa-keluar-rumah,health,04/09/2020
126,Deretan Dokter Pejuang Corona yang Meninggal,https://health.detik.com/detiktv/d-4918030/deretan-dokter-pejuang-corona-yang-meninggal,health,02/28/2020
127,Sosok Berperawakan Mirip Kim Jong Un Munculkan Spekulasi 'Body Double',https://health.detik.com/berita-detikhealth/d-5007455/sosok-berperawakan-mirip-kim-jong-un-munculkan-spekulasi-body-double,health,05/08/2020
128,"Anak 15 Tahun Tewas Karena Vape di AS, Jadi Korban Termuda",https://health.detik.com/berita-detikhealth/d-4853663/anak-15-tahun-tewas-karena-vape-di-as-jadi-korban-termuda,health,01/10/2020
129,"Selain Corona, 5 Virus Ini Juga Ditemukan di Cairan Sperma",https://health.detik.com/fotohealth/d-5008975/selain-corona-5-virus-ini-juga-ditemukan-di-cairan-sperma,health,05/10/2020
130,"Yakin Bisa Kendalikan Corona, Singapura Tak Terapkan Lockdown",https://health.detik.com/berita-detikhealth/d-4937533/yakin-bisa-kendalikan-corona-singapura-tak-terapkan-lockdown,health,03/13/2020
131,"Anak-anak Berenang di Genangan Air Banjir, Waspadai Risikonya",https://health.detik.com/berita-detikhealth/d-4842689/anak-anak-berenang-di-genangan-air-banjir-waspadai-risikonya,health,01/01/2020
132,"ITB Perbaharui Prediksi, Puncak Corona RI Diperkirakan Mundur ke Mei",https://health.detik.com/berita-detikhealth/d-4948432/itb-perbaharui-prediksi-puncak-corona-ri-diperkirakan-mundur-ke-mei,health,03/21/2020
133,Ini Lho Jenis Batu Empedu yang Sering Dikira Boba,https://health.detik.com/berita-detikhealth/d-4866078/ini-lho-jenis-batu-empedu-yang-sering-dikira-boba,health,01/20/2020
134,Kandungan Kalsium pada Pisang Baik untuk Tulang Si Kecil,https://health.detik.com/berita-detikhealth/d-4957963/kandungan-kalsium-pada-pisang-baik-untuk-tulang-si-kecil,health,03/30/2020
135,"Mengenal Ad5-nCov, Vaksin Corona untuk Antibodi COVID-19",https://health.detik.com/detiktv/d-5033635/mengenal-ad5-ncov-vaksin-corona-untuk-antibodi-covid-19,health,05/29/2020
136,"Jenis-jenis Pertolongan Henti Jantung, Kondisi yang Dialami Didi Kempot",https://health.detik.com/berita-detikhealth/d-5002806/jenis-jenis-pertolongan-henti-jantung-kondisi-yang-dialami-didi-kempot,health,05/05/2020
137,Benarkah DBD Bisa Menular Lewat Hubungan Seks? Ini Kata Ahlinya,https://health.detik.com/berita-detikhealth/d-4857782/benarkah-dbd-bisa-menular-lewat-hubungan-seks-ini-kata-ahlinya,health,01/13/2020
138,WHO Peringatkan Lonjakan Kasus Corona di Negara yang Longgarkan Lockdown,https://health.detik.com/berita-detikhealth/d-5011139/who-peringatkan-lonjakan-kasus-corona-di-negara-yang-longgarkan-lockdown,health,05/12/2020
139,"Sama-sama Lewat Droplet, Ini Bedanya Penularan TBC dan Virus Corona",https://health.detik.com/berita-detikhealth/d-4951401/sama-sama-lewat-droplet-ini-bedanya-penularan-tbc-dan-virus-corona,health,03/24/2020
140,"8 Sembuh dan 5 Meninggal Terkait Corona di Indonesia, Ini Detailnya",https://health.detik.com/berita-detikhealth/d-4939621/8-sembuh-dan-5-meninggal-terkait-corona-di-indonesia-ini-detailnya,health,03/15/2020
141,Viral Hoax Jemaah Indonesia Ditolak Arab Saudi karena Positif Corona,https://health.detik.com/berita-detikhealth/d-4918073/viral-hoax-jemaah-indonesia-ditolak-arab-saudi-karena-positif-corona,health,02/28/2020
142,"'Indonesia Terserah' Viral Gara-gara Corona, Tandanya Pasrah atau Marah?",https://health.detik.com/berita-detikhealth/d-5018927/indonesia-terserah-viral-gara-gara-corona-tandanya-pasrah-atau-marah,health,05/18/2020
143,Studi Temukan Orang yang Doyan Minum Kopi Tulangnya Lebih Padat,https://health.detik.com/berita-detikhealth/d-4913939/studi-temukan-orang-yang-doyan-minum-kopi-tulangnya-lebih-padat,health,02/25/2020
144,Kontroversi Terkini WHO: Penularan Virus Corona pada OTG Jarang Terjadi?,https://health.detik.com/berita-detikhealth/d-5047384/kontroversi-terkini-who-penularan-virus-corona-pada-otg-jarang-terjadi,health,06/10/2020
145,WHO Setop Sementara Uji Coba Hydroxychloroquine untuk Pasien Corona,https://health.detik.com/berita-detikhealth/d-5028339/who-setop-sementara-uji-coba-hydroxychloroquine-untuk-pasien-corona,health,05/26/2020
146,"RS Darurat Ditutup, Staf Medis di Wuhan Rayakan dengan Lepas Masker",https://health.detik.com/berita-detikhealth/d-4939719/rs-darurat-ditutup-staf-medis-di-wuhan-rayakan-dengan-lepas-masker,health,03/15/2020
147,Korsel Yakini Pasien Corona yang Positif Usai Sembuh Tak Lagi Tularkan COVID-19,https://health.detik.com/berita-detikhealth/d-4989418/korsel-yakini-pasien-corona-yang-positif-usai-sembuh-tak-lagi-tularkan-covid-19,health,04/24/2020
148,"Jalani Karantina di Hotel Bintang Lima, Wanita Ini Malah Merasa Depresi",https://health.detik.com/berita-detikhealth/d-4972159/jalani-karantina-di-hotel-bintang-lima-wanita-ini-malah-merasa-depresi,health,04/10/2020
149,"13 Negara Terjangkit Virus Korona, Pasien Pertama yang Sembuh di Wuhan",https://health.detik.com/berita-detikhealth/d-4875678/13-negara-terjangkit-virus-korona-pasien-pertama-yang-sembuh-di-wuhan,health,01/27/2020
150,"Lockdown 15 Hari, Prancis Umumkan 'Perang' Lawan Virus Corona",https://health.detik.com/berita-detikhealth/d-4941976/lockdown-15-hari-prancis-umumkan-perang-lawan-virus-corona,health,03/17/2020
151,"Viral 2 Suspek Corona di Klaten, Dinkes Pastikan Hoax",https://health.detik.com/berita-detikhealth/d-4927487/viral-2-suspek-corona-di-klaten-dinkes-pastikan-hoax,health,03/06/2020
152,3 Cara Meminimalkan Stigma Negatif Soal Corona,https://health.detik.com/berita-detikhealth/d-4997873/3-cara-meminimalkan-stigma-negatif-soal-corona,health,04/30/2020
153,"Kenali Alkylglycerols, Zat Ampuh Perkuat Imunitas Tubuh",https://health.detik.com/berita-detikhealth/d-4906876/kenali-alkylglycerols-zat-ampuh-perkuat-imunitas-tubuh,health,02/20/2020
154,Ratusan Orang di Ghana Disebut Tertular Corona dari Seorang Pekerja Pabrik,https://health.detik.com/berita-detikhealth/d-5009990/ratusan-orang-di-ghana-disebut-tertular-corona-dari-seorang-pekerja-pabrik,health,05/11/2020
155,Sebagian Pasien Corona Dilaporkan Mengalami Gejala Penyakit Saraf,https://health.detik.com/berita-detikhealth/d-4963383/sebagian-pasien-corona-dilaporkan-mengalami-gejala-penyakit-saraf,health,04/03/2020
156,"Dear Wanita, Ini 6 Arti Warna Darah saat Menstruasi",https://health.detik.com/berita-detikhealth/d-4854083/dear-wanita-ini-6-arti-warna-darah-saat-menstruasi,health,01/10/2020
157,Sakit di 3 Bagian Tubuh Ini? Waspada Sakit Jantung!,https://health.detik.com/berita-detikhealth/d-4911565/sakit-di-3-bagian-tubuh-ini-waspada-sakit-jantung,health,02/24/2020
158,Pemerintah Ingatkan Pembawa Virus Corona Tak Selalu Tampak Sakit,https://health.detik.com/berita-detikhealth/d-4954293/pemerintah-ingatkan-pembawa-virus-corona-tak-selalu-tampak-sakit,health,03/26/2020
159,5 Penyebab Rambut Beruban di Usia Muda,https://health.detik.com/berita-detikhealth/d-4877327/5-penyebab-rambut-beruban-di-usia-muda,health,01/29/2020
160,Ribuan Masker N95 di AS Didekontaminasi untuk Dipakai Kembali,https://health.detik.com/berita-detikhealth/d-4975037/ribuan-masker-n95-di-as-didekontaminasi-untuk-dipakai-kembali,health,04/13/2020
161,110 Negara Desak WHO Investigasi Asal-Usul Virus Corona,https://health.detik.com/berita-detikhealth/d-5033391/110-negara-desak-who-investigasi-asal-usul-virus-corona,health,05/29/2020
162,5 Cara Cegah Gangguan Pencernaan Saat Puasa,https://health.detik.com/berita-detikhealth/d-5012685/5-cara-cegah-gangguan-pencernaan-saat-puasa,health,05/13/2020
163,Viral Video Tenaga Medis Hibur Diri Bikin Parodi Titanic Saat Pandemi Corona,https://health.detik.com/berita-detikhealth/d-4980805/viral-video-tenaga-medis-hibur-diri-bikin-parodi-titanic-saat-pandemi-corona,health,04/17/2020
164,Viral Surat Terbuka Guru Besar UGM Sebut AC Permudah Penularan Corona,https://health.detik.com/berita-detikhealth/d-4970576/viral-surat-terbuka-guru-besar-ugm-sebut-ac-permudah-penularan-corona,health,04/09/2020
165,Foto: Amerika Mulai Uji Coba Vaksin Corona ke Manusia,https://health.detik.com/fotohealth/d-4942875/foto-amerika-mulai-uji-coba-vaksin-corona-ke-manusia,health,03/17/2020
166,11 Orang Kontak Langsung dengan WN Jepang di Bali Negatif Corona,https://health.detik.com/berita-detikhealth/d-4925825/11-orang-kontak-langsung-dengan-wn-jepang-di-bali-negatif-corona,health,03/04/2020
167,"Jaga Imun Tubuh, Ini Cara Aman Konsumsi Vitamin C bagi Penderita Maag",https://health.detik.com/berita-detikhealth/d-5049196/jaga-imun-tubuh-ini-cara-aman-konsumsi-vitamin-c-bagi-penderita-maag,health,06/11/2020
168,"Manfaat Jeruk yang Kaya Vitamin C, Bisa Tangkal Virus Corona",https://health.detik.com/berita-detikhealth/d-4938616/manfaat-jeruk-yang-kaya-vitamin-c-bisa-tangkal-virus-corona,health,03/14/2020
169,"Kekurangan Ventilator, AS Tetapkan Prioritas Pemakaian pada Pasien Corona",https://health.detik.com/berita-detikhealth/d-4967442/kekurangan-ventilator-as-tetapkan-prioritas-pemakaian-pada-pasien-corona,health,04/06/2020
170,WHO Imbau Kurangi Pemakaian Uang Kertas untuk Cegah Virus Corona,https://health.detik.com/berita-detikhealth/d-4927567/who-imbau-kurangi-pemakaian-uang-kertas-untuk-cegah-virus-corona,health,03/06/2020
171,"Lucinta Luna Positif Amphetamin, Obat Apakah Itu?",https://health.detik.com/berita-detikhealth/d-4902731/lucinta-luna-positif-amphetamin-obat-apakah-itu,health,02/17/2020
172,"Di RI Hanya 13% Manula yang Masih Bugar, Ini Sebabnya",https://health.detik.com/berita-detikhealth/d-4926848/di-ri-hanya-13-manula-yang-masih-bugar-ini-sebabnya,health,03/05/2020
173,"Sebaran Pasien Virus Corona di Indonesia, 252 Sembuh, 280 Meninggal",https://health.detik.com/berita-detikhealth/d-4971334/sebaran-pasien-virus-corona-di-indonesia-252-sembuh-280-meninggal,health,04/09/2020
174,"Masker Kain Boleh Dipakai Ulang, Bagaimana Cara Mencucinya Agar Steril?",https://health.detik.com/berita-detikhealth/d-4960875/masker-kain-boleh-dipakai-ulang-bagaimana-cara-mencucinya-agar-steril,health,04/01/2020
175,"Lina Mantan Istri Sule Meninggal, Kenali Pertolongan Pertama Serangan Jantung",https://health.detik.com/berita-detikhealth/d-4846217/lina-mantan-istri-sule-meninggal-kenali-pertolongan-pertama-serangan-jantung,health,01/04/2020
176,New York Lakukan Uji Klinis Obat Maag untuk Tangani Pasien Corona,https://health.detik.com/berita-detikhealth/d-4992606/new-york-lakukan-uji-klinis-obat-maag-untuk-tangani-pasien-corona,health,04/27/2020
177,Nenek 95 Tahun Jadi Wanita Tertua yang Sembuh dari Corona di Italia,https://health.detik.com/berita-detikhealth/d-4952169/nenek-95-tahun-jadi-wanita-tertua-yang-sembuh-dari-corona-di-italia,health,03/25/2020
178,"Pandemi Corona di Indonesia, Lawan dengan Daya Tahan Tubuh Kuat",https://health.detik.com/berita-detikhealth/d-4963041/pandemi-corona-di-indonesia-lawan-dengan-daya-tahan-tubuh-kuat,health,04/03/2020
179,"Soal Rumor Virus Corona Sengaja Diciptakan, Ini Komentar Ahli Mikrobiologi",https://health.detik.com/berita-detikhealth/d-4879543/soal-rumor-virus-corona-sengaja-diciptakan-ini-komentar-ahli-mikrobiologi,health,01/30/2020
180,"Hal yang Harus Kamu Hindari saat Makan Siang, Termasuk Makan di Meja Kerja",https://health.detik.com/berita-detikhealth/d-5046300/hal-yang-harus-kamu-hindari-saat-makan-siang-termasuk-makan-di-meja-kerja,health,06/09/2020
181,"Heboh Karena Virus Corona, Memangnya Siapa Sih yang Wajib Pakai Masker?",https://health.detik.com/berita-detikhealth/d-4902084/heboh-karena-virus-corona-memangnya-siapa-sih-yang-wajib-pakai-masker,health,02/17/2020
182,Kronologi 2 Pasien Pertama Virus Corona COVID-19 di Indonesia,https://health.detik.com/berita-detikhealth/d-4922758/kronologi-2-pasien-pertama-virus-corona-covid-19-di-indonesia,health,03/03/2020
183,BNPB Jamin Tempat Observasi WNI di Pulau Sebaru Lebih Baik dari Natuna,https://health.detik.com/berita-detikhealth/d-4915587/bnpb-jamin-tempat-observasi-wni-di-pulau-sebaru-lebih-baik-dari-natuna,health,02/26/2020
184,"Haru, Bayi Prematur Asal Skotlandia Ini Berhasil Sembuh dari Virus Corona",https://health.detik.com/berita-detikhealth/d-4988022/haru-bayi-prematur-asal-skotlandia-ini-berhasil-sembuh-dari-virus-corona,health,04/23/2020
185,Trump Klaim Punya Bukti Kuat Virus Corona Berasal dari Laboratorium Wuhan,https://health.detik.com/berita-detikhealth/d-4998406/trump-klaim-punya-bukti-kuat-virus-corona-berasal-dari-laboratorium-wuhan,health,05/01/2020
186,"Sempat Sepelekan Corona, Pria di AS Terinfeksi hingga Meninggal Dunia",https://health.detik.com/true-story/d-4987226/sempat-sepelekan-corona-pria-di-as-terinfeksi-hingga-meninggal-dunia,health,04/22/2020
187,"Viral, Ade Rai Bagikan Video Transformasi Mantan Bocah Tergemuk di Dunia",https://health.detik.com/kebugaran/d-4868702/viral-ade-rai-bagikan-video-transformasi-mantan-bocah-tergemuk-di-dunia,health,01/22/2020
188,"Jika Sudah Dinyatakan Sembuh, Apa Pasien Bisa Jadi Kebal Corona?",https://health.detik.com/berita-detikhealth/d-4933195/jika-sudah-dinyatakan-sembuh-apa-pasien-bisa-jadi-kebal-corona,health,03/10/2020
189,"Bintang Film James Bond, Honor Blackman Meninggal di Usia 94 Tahun",https://health.detik.com/berita-detikhealth/d-4967915/bintang-film-james-bond-honor-blackman-meninggal-di-usia-94-tahun,health,04/07/2020
190,"Andrea Dian Sembuh dari Corona, Ini Artinya",https://health.detik.com/berita-detikhealth/d-4965904/andrea-dian-sembuh-dari-corona-ini-artinya,health,04/05/2020
191,"Viral Tips Cuci Kasur Bekas Banjir Pakai Kaporit, Hati-hati Ini Risikonya",https://health.detik.com/berita-detikhealth/d-4846351/viral-tips-cuci-kasur-bekas-banjir-pakai-kaporit-hati-hati-ini-risikonya,health,01/04/2020
192,"48 Meninggal dari 514 Kasus, Tingkat Kematian Corona RI 9,3 Persen",https://health.detik.com/berita-detikhealth/d-4949025/48-meninggal-dari-514-kasus-tingkat-kematian-corona-ri-93-persen,health,03/22/2020
193,"Kurang dari 7 Jam, 98 Orang Pasien Virus Corona Meninggal di New York",https://health.detik.com/berita-detikhealth/d-4958153/kurang-dari-7-jam-98-orang-pasien-virus-corona-meninggal-di-new-york,health,03/30/2020
194,"Anak dan Remaja Mudah Stres Saat Pandemi Corona, Berikut Cara Mengatasinya",https://health.detik.com/berita-detikhealth/d-4998672/anak-dan-remaja-mudah-stres-saat-pandemi-corona-berikut-cara-mengatasinya,health,05/01/2020
195,10 Wilayah Indonesia dengan Penambahan Kasus Corona Terbanyak 27 Mei,https://health.detik.com/berita-detikhealth/d-5030524/10-wilayah-indonesia-dengan-penambahan-kasus-corona-terbanyak-27-mei,health,05/27/2020
196,Kenali Penyebab Penyakit Antraks dan Gejalanya,https://health.detik.com/berita-detikhealth/d-4866114/kenali-penyebab-penyakit-antraks-dan-gejalanya,health,01/20/2020
197,"Hoax Virus Corona Merajalela, Kenapa Orang Mudah Percaya Berita Bohong?",https://health.detik.com/berita-detikhealth/d-4920093/hoax-virus-corona-merajalela-kenapa-orang-mudah-percaya-berita-bohong,health,02/29/2020
198,Corona Bikin Orang Malas Bercinta,https://health.detik.com/berita-detikhealth/d-5009459/corona-bikin-orang-malas-bercinta,health,05/10/2020
199,"Jahe dan Temulawak Langka Imbas Corona, Ilmuwan UI Kembangkan Propolis",https://health.detik.com/berita-detikhealth/d-4927865/jahe-dan-temulawak-langka-imbas-corona-ilmuwan-ui-kembangkan-propolis,health,03/06/2020
200,Menanti Bukti 'Antivirus' Eucalyptus Lenyapkan Corona dari Muka Bumi,https://health.detik.com/berita-detikhealth/d-5020977/menanti-bukti-antivirus-eucalyptus-lenyapkan-corona-dari-muka-bumi,health,05/19/2020
201,"Indonesia Terdampak Virus Corona, Davis Cup 2020 di Jakarta Jalan Terus",https://sport.detik.com/raket/d-4925009/indonesia-terdampak-virus-corona-davis-cup-2020-di-jakarta-jalan-terus,sport,03/04/2020
202,"ONE Championship Hadir di Jakarta Bulan Depan, Ini Deretan Duelnya",https://sport.detik.com/sport-lain/d-4854814/one-championship-hadir-di-jakarta-bulan-depan-ini-deretan-duelnya,sport,01/10/2020
203,"Hafiz/Gloria Dirugikan Aturan BWF, tapi Tetap Harus Lolos Olimpiade",https://sport.detik.com/raket/d-5040433/hafizgloria-dirugikan-aturan-bwf-tapi-tetap-harus-lolos-olimpiade,sport,06/04/2020
204,Greysia/Apriyani Singkirkan Wakil Kanada,https://sport.detik.com/fotosport/d-4862380/greysiaapriyani-singkirkan-wakil-kanada,sport,01/16/2020
205,"Jakarta Banjir, Persiapan Formula E Tetap Jalan",https://sport.detik.com/sport-lain/d-4914239/jakarta-banjir-persiapan-formula-e-tetap-jalan,sport,02/25/2020
206,Quartararo: Aku Belum Siap Bertarung untuk Titel Juara Dunia,https://sport.detik.com/moto-gp/d-4900979/quartararo-aku-belum-siap-bertarung-untuk-titel-juara-dunia,sport,02/16/2020
207,KONI Optimistis PON Papua Bakal Ramai Penonton,https://sport.detik.com/sport-lain/d-4908808/koni-optimistis-pon-papua-bakal-ramai-penonton,sport,02/21/2020
208,Marc Marquez Jadi Anak Emas di Honda? Ini Kata Crutchlow,https://sport.detik.com/moto-gp/d-4975570/marc-marquez-jadi-anak-emas-di-honda-ini-kata-crutchlow,sport,04/13/2020
209,Panpel PON Tak Boleh Ulangi Keburukan SEA Games 2019,https://sport.detik.com/sport-lain/d-4908429/panpel-pon-tak-boleh-ulangi-keburukan-sea-games-2019,sport,02/21/2020
210,Kata Vinales Soal Rider Spesialis Tes Pramusim MotoGP,https://sport.detik.com/moto-gp/d-4854768/kata-vinales-soal-rider-spesialis-tes-pramusim-motogp,sport,01/10/2020
211,KONI Pusat Gelar Indonesia Marathon 2020,https://sport.detik.com/sport-lain/d-4917587/koni-pusat-gelar-indonesia-marathon-2020,sport,02/27/2020
212,"Waspada Virus Corona, Final Four Proliga Pindah Lokasi dan Tanpa Penonton",https://sport.detik.com/sport-lain/d-4943502/waspada-virus-corona-final-four-proliga-pindah-lokasi-dan-tanpa-penonton,sport,03/18/2020
213,"Lawan Ganda Nonunggulan, Kenapa Greysia/Apriyani Menang Susah Payah?",https://sport.detik.com/raket/d-4860679/lawan-ganda-nonunggulan-kenapa-greysiaapriyani-menang-susah-payah,sport,01/15/2020
214,Anthony Ginting dan Gregoria Tersingkir di Babak 32 Besar Malaysia Masters,https://sport.detik.com/raket/d-4851962/anthony-ginting-dan-gregoria-tersingkir-di-babak-32-besar-malaysia-masters,sport,01/08/2020
215,Lorenzo Bagi Resep Mengalahkan Marquez,https://sport.detik.com/moto-gp/d-5021721/lorenzo-bagi-resep-mengalahkan-marquez,sport,05/20/2020
216,MotoGP Argentina Berpeluang Untuk Tetap Digelar,https://sport.detik.com/moto-gp/d-5030709/motogp-argentina-berpeluang-untuk-tetap-digelar,sport,05/27/2020
217,"Soal Pemotongan Gaji Pemain, Dirut IBL: Jika Terpaksa Silakan Lakukan",https://sport.detik.com/basket/d-4972691/soal-pemotongan-gaji-pemain-dirut-ibl-jika-terpaksa-silakan-lakukan,sport,04/10/2020
218,Prediksi Derby Hot Inter Vs AC Milan di Awal 2020,https://sport.detik.com/detiktv/d-4891833/prediksi-derby-hot-inter-vs-ac-milan-di-awal-2020,sport,02/09/2020
219,"Kendurkan Permainan, Kevin/Marcus Nyaris Kalah",https://sport.detik.com/raket/d-4860865/kendurkan-permainan-kevinmarcus-nyaris-kalah,sport,01/16/2020
220,"Thailand Masters: Fitriani Kalah, Hafiz/Gloria ke Babak Kedua",https://sport.detik.com/raket/d-4869413/thailand-masters-fitriani-kalah-hafizgloria-ke-babak-kedua,sport,01/22/2020
221,Ronaldo Bantu Juventus Singkirkan AS Roma di Coppa Italia,https://sport.detik.com/detiktv/d-4870116/ronaldo-bantu-juventus-singkirkan-as-roma-di-coppa-italia,sport,01/23/2020
222,Kobe Bryant-Shaquille O'Neal: Antara Cinta dan Benci,https://sport.detik.com/basket/d-4875362/kobe-bryant-shaquille-oneal-antara-cinta-dan-benci,sport,01/27/2020
223,"Dampak Corona, Intensitas Latihan David Jacobs Jadi Berkurang",https://sport.detik.com/sport-lain/d-4946015/dampak-corona-intensitas-latihan-david-jacobs-jadi-berkurang,sport,03/19/2020
224,"Songsong Daihatsu Indonesia Masters 2020, Istora Hampir Siap 100 Persen",https://sport.detik.com/raket/d-4856191/songsong-daihatsu-indonesia-masters-2020-istora-hampir-siap-100-persen,sport,01/12/2020
225,GP Singapura 2020 Batal Digelar!,https://sport.detik.com/f1/d-5051186/gp-singapura-2020-batal-digelar,sport,06/12/2020
226,Enam Emas di Kejuaraan Angkat Besi Belum Puaskan PB PABSI,https://sport.detik.com/sport-lain/d-4884401/enam-emas-di-kejuaraan-angkat-besi-belum-puaskan-pb-pabsi,sport,02/03/2020
227,Mengenang Kobe Bryant Lewat Angka-Angka Legendarisnya,https://sport.detik.com/basket/d-4874977/mengenang-kobe-bryant-lewat-angka-angka-legendarisnya,sport,01/27/2020
228,Menpora Imbau Federasi Cabor Jangan Panik Soal Corona,https://sport.detik.com/sport-lain/d-4922203/menpora-imbau-federasi-cabor-jangan-panik-soal-corona,sport,03/02/2020
229,"Roma Masih Terpuruk, Kini Dikalahkan Atalanta",https://sport.detik.com/detiktv/d-4901061/roma-masih-terpuruk-kini-dikalahkan-atalanta,sport,02/16/2020
230,"Tyson Fury ke Rakyat Inggris: Dengarkan Boris, Tetap di Rumah",https://sport.detik.com/g-sport/d-4951495/tyson-fury-ke-rakyat-inggris-dengarkan-boris-tetap-di-rumah,sport,03/24/2020
231,Jadwal Final Thailand Masters,https://sport.detik.com/raket/d-4873491/jadwal-final-thailand-masters,sport,01/26/2020
232,"Polemik 10 Cabor PON 2020 Berpeluang Tak Digelar, Menpora Ogah Memaksa",https://sport.detik.com/sport-lain/d-4936282/polemik-10-cabor-pon-2020-berpeluang-tak-digelar-menpora-ogah-memaksa,sport,03/12/2020
233,Ini Blunder De Gea yang Bikin Roy Keane Ingin Membunuhnya,https://sport.detik.com/detiktv/d-4922502/ini-blunder-de-gea-yang-bikin-roy-keane-ingin-membunuhnya,sport,03/02/2020
234,Rashford Melihat Sancho: Pemain Imajinatif,https://sport.detik.com/detiktv/d-4962106/rashford-melihat-sancho-pemain-imajinatif,sport,04/02/2020
235,"Pemain RI ke Filipina, PBSI Juga Fokus Antisipasi Virus Corona",https://sport.detik.com/raket/d-4885198/pemain-ri-ke-filipina-pbsi-juga-fokus-antisipasi-virus-corona,sport,02/04/2020
236,Kylian Mbappe Terjangkit Virus Corona?,https://sport.detik.com/detiktv/d-4934267/kylian-mbappe-terjangkit-virus-corona,sport,03/11/2020
237,Video: Mobil yang Ditumpangi Kento Momota Tabrak Truk di Malaysia,https://sport.detik.com/detiktv/d-4857086/video-mobil-yang-ditumpangi-kento-momota-tabrak-truk-di-malaysia,sport,01/13/2020
238,Rossi Buka Peluang Pindah ke Petronas Yamaha SRT demi Perpanjang Karier,https://sport.detik.com/moto-gp/d-4846065/rossi-buka-peluang-pindah-ke-petronas-yamaha-srt-demi-perpanjang-karier,sport,01/04/2020
239,"Tiket Olimpiade Sudah, Petembak Vidya Rafika Akan Jalani Uji Coba",https://sport.detik.com/sport-lain/d-4920183/tiket-olimpiade-sudah-petembak-vidya-rafika-akan-jalani-uji-coba,sport,02/29/2020
240,"Piala Thomas dan Uber 2020 Ditunda akibat Corona, Ini Kata PBSI",https://sport.detik.com/raket/d-4948063/piala-thomas-dan-uber-2020-ditunda-akibat-corona-ini-kata-pbsi,sport,03/21/2020
241,"MotoGP Virtual Race 2: Petrucci Niat Banget Juara, Ini Buktinya",https://sport.detik.com/moto-gp/d-4973396/motogp-virtual-race-2-petrucci-niat-banget-juara-ini-buktinya,sport,04/11/2020
242,Video Los Blancos Juara Piala Super Spanyol via Adu Penalti,https://sport.detik.com/detiktv/d-4856525/video-los-blancos-juara-piala-super-spanyol-via-adu-penalti,sport,01/13/2020
243,Marc Marquez Prediksi MotoGP Indonesia Bakal Seru,https://sport.detik.com/moto-gp/d-4886968/marc-marquez-prediksi-motogp-indonesia-bakal-seru,sport,02/05/2020
244,"Usai Kalahkan Cerrone, McGregor Diajak Rematch oleh Mayweather",https://sport.detik.com/sport-lain/d-4866000/usai-kalahkan-cerrone-mcgregor-diajak-rematch-oleh-mayweather,sport,01/20/2020
245,Negosiasi Valentino Rossi-Petronas Yamaha Mentok karena Alasan Ini,https://sport.detik.com/moto-gp/d-5027872/negosiasi-valentino-rossi-petronas-yamaha-mentok-karena-alasan-ini,sport,05/25/2020
246,David Beckham Pernah Mau Bertarung dengan Conor McGregor,https://sport.detik.com/sport-lain/d-5049987/david-beckham-pernah-mau-bertarung-dengan-conor-mcgregor,sport,06/11/2020
247,"Pemasukan Menurun, Bima Perkasa Tiadakan THR Tahun Ini",https://sport.detik.com/basket/d-4984337/pemasukan-menurun-bima-perkasa-tiadakan-thr-tahun-ini,sport,04/20/2020
248,Zlatan Ibrahimovic: Pemain Tua yang Bertenaga,https://sport.detik.com/detiktv/d-4859075/zlatan-ibrahimovic-pemain-tua-yang-bertenaga,sport,01/14/2020
249,"Pandemi Virus Corona, Penyambutan Juara All England 2020 Ditiadakan",https://sport.detik.com/raket/d-4941842/pandemi-virus-corona-penyambutan-juara-all-england-2020-ditiadakan,sport,03/17/2020
250,Quartararo: Saya Tidak Mengambil Posisi Rossi,https://sport.detik.com/moto-gp/d-4889101/quartararo-saya-tidak-mengambil-posisi-rossi,sport,02/06/2020
251,"Tak Terbendung, Atalanta Eliminasi Valencia",https://sport.detik.com/detiktv/d-4934023/tak-terbendung-atalanta-eliminasi-valencia,sport,03/11/2020
252,"Dituding Pensiun Agar Terbebas dari Honda, Begini Balasan Lorenzo",https://sport.detik.com/moto-gp/d-4959077/dituding-pensiun-agar-terbebas-dari-honda-begini-balasan-lorenzo,sport,03/31/2020
253,Hore! MotoGP Indonesia Dapat Kontrak Selama 10 Tahun,https://sport.detik.com/moto-gp/d-4974245/hore-motogp-indonesia-dapat-kontrak-selama-10-tahun,sport,04/12/2020
254,Petenis Muda Indonesia Ini Masuk Nominasi Penghargaan Bergengsi,https://sport.detik.com/raket/d-4998212/petenis-muda-indonesia-ini-masuk-nominasi-penghargaan-bergengsi,sport,05/01/2020
255,"Imbas Virus Corona, Zohri Terancam Tanpa Uji Coba ke Olimpiade 2020",https://sport.detik.com/sport-lain/d-4878489/imbas-virus-corona-zohri-terancam-tanpa-uji-coba-ke-olimpiade-2020,sport,01/29/2020
256,Perenang Legendaris Lukman Niode Meninggal Dunia,https://sport.detik.com/sport-lain/d-4980827/perenang-legendaris-lukman-niode-meninggal-dunia,sport,04/17/2020
257,Tim Putri Indonesia Gulung Filipina 5-0 di Kejuaraan Bulutangkis Beregu Asia,https://sport.detik.com/raket/d-4896070/tim-putri-indonesia-gulung-filipina-5-0-di-kejuaraan-bulutangkis-beregu-asia,sport,02/12/2020
258,"Lockdown Diperpanjang, F1 Prancis Ditunda?",https://sport.detik.com/f1/d-4975959/lockdown-diperpanjang-f1-prancis-ditunda,sport,04/14/2020
259,"MotoGP Qatar Batal, Vinales Tak Merasa Dirugikan",https://sport.detik.com/moto-gp/d-4926202/motogp-qatar-batal-vinales-tak-merasa-dirugikan,sport,03/05/2020
260,"Gulung Ganda Terbaik Taiwan, Hendra/Ahsan ke Semifinal",https://sport.detik.com/fotosport/d-4863650/gulung-ganda-terbaik-taiwan-hendraahsan-ke-semifinal,sport,01/17/2020
261,Mourinho: RB Leipzig Kuat Banget,https://sport.detik.com/detiktv/d-4934198/mourinho-rb-leipzig-kuat-banget,sport,03/11/2020
262,"Video Ketangguhan Penyerang Anyar MU, Odion Ighalo",https://sport.detik.com/detiktv/d-4881899/video-ketangguhan-penyerang-anyar-mu-odion-ighalo,sport,02/01/2020
263,"Menpora Jamin Peraih Emas dari Nomor Ekshibisi SEA Games Dapat Bonus, tapi ...",https://sport.detik.com/sport-lain/d-4852060/menpora-jamin-peraih-emas-dari-nomor-ekshibisi-sea-games-dapat-bonus-tapi-,sport,01/08/2020
264,Vinales: Comeback Jorge Lorenzo Penting buat Yamaha,https://sport.detik.com/moto-gp/d-4945673/vinales-comeback-jorge-lorenzo-penting-buat-yamaha,sport,03/19/2020
265,"Presiden UFC: Kalau Conor McGregor Mau Pensiun, Ya Pensiun Saja",https://sport.detik.com/sport-lain/d-5044601/presiden-ufc-kalau-conor-mcgregor-mau-pensiun-ya-pensiun-saja,sport,06/08/2020
266,Hasil Rapid Test: Semua Atlet Cipayung Negatif Covid-19,https://sport.detik.com/raket/d-4960055/hasil-rapid-test-semua-atlet-cipayung-negatif-covid-19,sport,03/31/2020
267,"Virus Corona Masih Mengancam, Balapan F1 di China Batal?",https://sport.detik.com/f1/d-4895690/virus-corona-masih-mengancam-balapan-f1-di-china-batal,sport,02/12/2020
268,Formula 1 2020 Kemungkinan Digelar Tanpa Penonton,https://sport.detik.com/detiktv/d-4971738/formula-1-2020-kemungkinan-digelar-tanpa-penonton,sport,04/09/2020
269,"Alex Akan Didepak, Marc Marquez Pertimbangkan Tinggalkan Honda?",https://sport.detik.com/moto-gp/d-5046348/alex-akan-didepak-marc-marquez-pertimbangkan-tinggalkan-honda,sport,06/09/2020
270,"Akan Jadi Wild Card di Catalunya, Lorenzo Diperingatkan",https://sport.detik.com/moto-gp/d-4966749/akan-jadi-wild-card-di-catalunya-lorenzo-diperingatkan,sport,04/06/2020
271,"Hasil Tes MotoGP Qatar Oke, Vinales Tak Sabar Balapan",https://sport.detik.com/moto-gp/d-4914711/hasil-tes-motogp-qatar-oke-vinales-tak-sabar-balapan,sport,02/26/2020
272,"Setelah 3 Tahun, Indonesia Lepas Gelar Ganda Putra All England",https://sport.detik.com/raket/d-4940601/setelah-3-tahun-indonesia-lepas-gelar-ganda-putra-all-england,sport,03/16/2020
273,Kobe Bryant dan Deretan Atlet Lainnya yang Tewas di Udara,https://sport.detik.com/sport-lain/d-4875687/kobe-bryant-dan-deretan-atlet-lainnya-yang-tewas-di-udara,sport,01/27/2020
274,Yamaha Harap Valentino Rossi Masih Lanjut Balapan Musim Depan,https://sport.detik.com/moto-gp/d-4994560/yamaha-harap-valentino-rossi-masih-lanjut-balapan-musim-depan,sport,04/28/2020
275,"GP Virtual Inggris: Debut Mengesankan Lorenzo, Langsung Juara",https://sport.detik.com/detiktv/d-5035934/gp-virtual-inggris-debut-mengesankan-lorenzo-langsung-juara,sport,06/01/2020
276,Ini Kebanggaan Lorenzo usai Pamit dari MotoGP,https://sport.detik.com/detiktv/d-4979049/ini-kebanggaan-lorenzo-usai-pamit-dari-motogp,sport,04/16/2020
277,"Menyambut New Normal, IBL Sudah Bisa Digelar?",https://sport.detik.com/basket/d-5030759/menyambut-new-normal-ibl-sudah-bisa-digelar,sport,05/27/2020
278,Kejuaraan Bulutangkis Beregu Asia: Link Live Streaming Indonesia Vs Jepang,https://sport.detik.com/raket/d-4898547/kejuaraan-bulutangkis-beregu-asia-link-live-streaming-indonesia-vs-jepang,sport,02/14/2020
279,"Gol-gol Keren Joshua King, Penyerang Buruan MU",https://sport.detik.com/detiktv/d-4880825/gol-gol-keren-joshua-king-penyerang-buruan-mu,sport,01/31/2020
280,Video Cerita Mencekam Saksi Mata soal Kecelakaan Heli Kobe Bryant,https://sport.detik.com/detiktv/d-4874687/video-cerita-mencekam-saksi-mata-soal-kecelakaan-heli-kobe-bryant,sport,01/27/2020
281,CdM Jamin Anggaran Pelatnas Olimpiade 2020 Cair Tepat Waktu,https://sport.detik.com/sport-lain/d-4854509/cdm-jamin-anggaran-pelatnas-olimpiade-2020-cair-tepat-waktu,sport,01/10/2020
282,"Hasil All England 2020: Jepang Raih 2 Titel, China Nirgelar",https://sport.detik.com/raket/d-4940379/hasil-all-england-2020-jepang-raih-2-titel-china-nirgelar,sport,03/16/2020
283,BWF: Poin Olimpiade Mulai Dihitung 2021,https://sport.detik.com/raket/d-5032197/bwf-poin-olimpiade-mulai-dihitung-2021,sport,05/28/2020
284,"Giliran Holyfield Mau Comeback, Kembali Tantang Tyson?",https://sport.detik.com/detiktv/d-5005639/giliran-holyfield-mau-comeback-kembali-tantang-tyson,sport,05/07/2020
285,"Kejuaraan Asia Atletik di Hangzhou Batal, Bagaimana Kejuaraan Dunia di Nanjing?",https://sport.detik.com/sport-lain/d-4878313/kejuaraan-asia-atletik-di-hangzhou-batal-bagaimana-kejuaraan-dunia-di-nanjing,sport,01/29/2020
286,"'Bila Mbappe ke Liverpool, Klopp Pasti Pusing'",https://sport.detik.com/detiktv/d-4873292/bila-mbappe-ke-liverpool-klopp-pasti-pusing,sport,01/25/2020
287,"Fajar/Rian Kalah, Indonesia Tanpa Wakil di Final Malaysia Masters",https://sport.detik.com/raket/d-4855454/fajarrian-kalah-indonesia-tanpa-wakil-di-final-malaysia-masters,sport,01/11/2020
288,"Atlet Tak Bisa Mudik, PABSI Gelar Salat Id di Pelatnas Kwini",https://sport.detik.com/sport-lain/d-5018201/atlet-tak-bisa-mudik-pabsi-gelar-salat-id-di-pelatnas-kwini,sport,05/17/2020
289,Mike Tyson Usia 16 Tahun Sudah Bikin Kewalahan Petinju Pro,https://sport.detik.com/sport-lain/d-5004245/mike-tyson-usia-16-tahun-sudah-bikin-kewalahan-petinju-pro,sport,05/06/2020
290,"Pemain Utah Jazz Positif Virus Corona, NBA Disetop",https://sport.detik.com/basket/d-4935636/pemain-utah-jazz-positif-virus-corona-nba-disetop,sport,03/12/2020
291,"Holyfield Makin Ngeri di Latihan, Tyson Siap?",https://sport.detik.com/sport-lain/d-5027588/holyfield-makin-ngeri-di-latihan-tyson-siap,sport,05/25/2020
292,"UFC di Tengah Pandemi, Sebuah Pelarian yang Tampak Aneh",https://sport.detik.com/sport-lain/d-5005393/ufc-di-tengah-pandemi-sebuah-pelarian-yang-tampak-aneh,sport,05/07/2020
293,Chelsea Siap Obral Kepa Arrizabalaga,https://sport.detik.com/detiktv/d-4886031/chelsea-siap-obral-kepa-arrizabalaga,sport,02/04/2020
294,Resmi! Ini Jadwal Baru Balapan MotoGP 2020,https://sport.detik.com/moto-gp/d-4927437/resmi-ini-jadwal-baru-balapan-motogp-2020,sport,03/06/2020
295,"Legenda New York Knicks, Patrick Ewing, Positif Corona",https://sport.detik.com/basket/d-5025721/legenda-new-york-knicks-patrick-ewing-positif-corona,sport,05/23/2020
296,"Lama di Rumah Saja, Hendra Setiawan Tak Sabar Tanding Lagi",https://sport.detik.com/raket/d-5037206/lama-di-rumah-saja-hendra-setiawan-tak-sabar-tanding-lagi,sport,06/02/2020
297,Man City Juarai Piala Liga Inggris 3 Kali Beruntun,https://sport.detik.com/detiktv/d-4921355/man-city-juarai-piala-liga-inggris-3-kali-beruntun,sport,03/02/2020
298,Skenario Tercepat Liverpool Kunci Trofi Juara Liga Inggris,https://sport.detik.com/detiktv/d-5034464/skenario-tercepat-liverpool-kunci-trofi-juara-liga-inggris,sport,05/30/2020
299,Melihat  2 Gol Chelsea yang Dianulir VAR,https://sport.detik.com/detiktv/d-4903583/melihat--2-gol-chelsea-yang-dianulir-var,sport,02/18/2020
300,"Olimpiade Berpeluang Ditunda, Praveen Jordan: Demi Keselamatan Bersama",https://sport.detik.com/raket/d-4950446/olimpiade-berpeluang-ditunda-praveen-jordan-demi-keselamatan-bersama,sport,03/23/2020
