Judul Berita,Kategori_Asli,Kategori_Prediksi,Benar
WHO Peringatkan Lonjakan Kasus Corona di Negara yang Longgarkan Lockdown,health,health,True
"MotoGP Virtual Race 2: Petrucci Niat Banget Juara, Ini Buktinya",sport,sport,True
"Lama di Rumah Saja, Hendra Setiawan Tak Sabar Tanding Lagi",sport,sport,True
Man City Juarai Piala Liga Inggris 3 Kali Beruntun,sport,sport,True
Bolehkah Kelompok Rentan Terinfeksi Corona Berpuasa Penuh Saat Ramadhan?,health,health,True
"Jakarta Banjir, Persiapan Formula E Tetap Jalan",sport,sport,True
"Yakin Bisa Kendalikan Corona, Singapura Tak Terapkan Lockdown",health,health,True
CdM Jamin Anggaran Pelatnas Olimpiade 2020 Cair Tepat Waktu,sport,sport,True
"Video Ketangguhan Penyerang Anyar MU, Odion Ighalo",sport,sport,True
"Viral, Ade Rai Bagikan Video Transformasi Mantan Bocah Tergemuk di Dunia",health,sport,False
Marc Marquez Jadi Anak Emas di Honda? Ini Kata Crutchlow,sport,sport,True
Skenario Tercepat Liverpool Kunci Trofi Juara Liga Inggris,sport,sport,True
Mungkinkah Virus Corona Aktif Lagi Setelah Pasien Dinyatakan Sembuh?,health,health,True
Menpora Imbau Federasi Cabor Jangan Panik Soal Corona,sport,sport,True
"48 Meninggal dari 514 Kasus, Tingkat Kematian Corona RI 9,3 Persen",health,health,True
"Positif Corona Gegara Buka Peti, Begini Pemulasaran Jenazah Sesuai Fatwa MUI",health,health,True
"Setelah 3 Tahun, Indonesia Lepas Gelar Ganda Putra All England",sport,sport,True
"Kenali Alkylglycerols, Zat Ampuh Perkuat Imunitas Tubuh",health,health,True
"Jika Sudah Dinyatakan Sembuh, Apa Pasien Bisa Jadi Kebal Corona?",health,health,True
"Pemain RI ke Filipina, PBSI Juga Fokus Antisipasi Virus Corona",sport,health,False
"Di RI Hanya 13% Manula yang Masih Bugar, Ini Sebabnya",health,health,True
Zlatan Ibrahimovic: Pemain Tua yang Bertenaga,sport,sport,True
"Dampak Corona, Intensitas Latihan David Jacobs Jadi Berkurang",sport,health,False
KONI Optimistis PON Papua Bakal Ramai Penonton,sport,sport,True
"Usai Kalahkan Cerrone, McGregor Diajak Rematch oleh Mayweather",sport,sport,True
Kobe Bryant dan Deretan Atlet Lainnya yang Tewas di Udara,sport,sport,True
"Waspada Virus Corona, Final Four Proliga Pindah Lokasi dan Tanpa Penonton",sport,health,False
Trump Klaim Punya Bukti Kuat Virus Corona Berasal dari Laboratorium Wuhan,health,health,True
Rashford Melihat Sancho: Pemain Imajinatif,sport,sport,True
"Mal Bakal Buka Lagi, Ini Protokol 'New Normal' untuk Cegah Corona",health,health,True
Video: Mobil yang Ditumpangi Kento Momota Tabrak Truk di Malaysia,sport,sport,True
"Kurang dari 7 Jam, 98 Orang Pasien Virus Corona Meninggal di New York",health,health,True
"Lina Mantan Istri Sule Meninggal, Kenali Pertolongan Pertama Serangan Jantung",health,health,True
BNPB Jamin Tempat Observasi WNI di Pulau Sebaru Lebih Baik dari Natuna,health,sport,False
110 Negara Desak WHO Investigasi Asal-Usul Virus Corona,health,health,True
"Sebaran Kasus Corona RI 9 Juni, 11.414 Sembuh dan 1.923 Meninggal",health,health,True
Viral Surat Terbuka Guru Besar UGM Sebut AC Permudah Penularan Corona,health,health,True
3 Cara Meminimalkan Stigma Negatif Soal Corona,health,health,True
Ini Blunder De Gea yang Bikin Roy Keane Ingin Membunuhnya,sport,health,False
4 Alasan Mengapa Seseorang Bisa Terobsesi Pada Seks,health,health,True
