Judul Berita,PC1_2D,PC2_2D,PC1,PC2,PC3,PC4,PC5,PC6,PC7,PC8,PC9,PC10,PC11,PC12,PC13,PC14,PC15,PC16,PC17,PC18,PC19,PC20,PC21,PC22,PC23,PC24,PC25,PC26,PC27,PC28,PC29,PC30,PC31,PC32,PC33,PC34,PC35
Studi Terbaru Ungkap Manfaat Jalan Kaki 30 Menit Setiap Hari,-0.15746464260319676,-0.06584133750995948,-0.15746464260319676,-0.06584133750995948,-0.045310931251877865,0.2781348907594528,0.34064213591359277,0.2494885707749374,0.36024898092290203,-0.10691929798754297,0.1697855938354093,0.17459976016427367,0.09143458136431985,0.049870336461610834,-0.20214443091402215,-0.028130186121254893,-0.056014090745256144,0.10964465527774292,0.192325456306422,0.05713655154653417,0.13814024944715717,0.04040837314353604,-0.008186140912350896,0.11407558013697199,-0.07227788456776954,-0.05210574209923542,0.030171207465131186,0.045384479109979996,0.020990396420819374,-0.29193623552189146,0.008860161779268462,0.3088476719131272,0.2205373573527998,0.21006903488193918,-0.06898829731372766,-0.009770633293771291,-0.0236694849781767
Kemenkes Ingatkan Warga Waspada Lonjakan Kasus DBD di Musim Hujan,0.22620567058062113,0.08172513464342897,0.22620567058062113,0.08172513464342897,0.01999583617193744,-0.33393689154673944,0.23921309112083508,-0.2109671320304631,-0.015841594300403307,-0.29773453893120977,-0.08590908454305311,0.26988549049345695,0.07872447851097143,0.04676015005966104,0.029520040866608255,-0.16615023579283883,-0.0054714835040289515,-0.12527051970428485,0.09224713916464805,-0.22010000223557424,-0.042387580593843954,0.07364725012557699,0.06962408556351546,0.057325469317504096,-0.28186186031506194,-0.07462734758538331,0.1982435824295665,-0.25094025884965787,0.18699542440299122,-0.025859450132961485,0.14642826909133905,-0.17524398178562017,0.23072726666828514,-0.11642159803697745,0.163898942786217,0.12410064295767292,-0.009445595755091138
5 Kebiasaan Sederhana yang Bisa Menurunkan Risiko Diabetes,0.041868824184583014,0.2692375907653708,0.041868824184583014,0.2692375907653708,0.1166019214822897,0.3534334072299548,-0.11684837243597544,-0.1413368938448881,-0.3419569050996774,0.015178474654310284,0.2813736828801392,0.09325109818718266,0.16717913158724207,-0.08251177248609298,0.13101131371907077,-0.3009616991058075,0.14212549295055607,0.12822326455374444,0.060368747704215624,0.047447054584306175,-0.0009367672602725753,0.04225242313518234,-0.056471315786710614,0.17321227137980116,0.018000133637398694,0.06755884116552462,-0.20429623893753135,0.14885812354549074,0.12617737493753345,-0.014143563407207052,0.031101777542446748,-0.11007334703700661,0.2452632227876186,-0.1623436935304928,-0.08162724161311369,-0.21922203869697943,0.14318202927970686
Dokter Jelaskan Perbedaan Flu Biasa dan Flu Singapura pada Anak,0.038969021448144535,0.31830299663098593,0.038969021448144535,0.31830299663098593,-0.12489045150434264,-0.23611410856066944,-0.028258245312709245,0.05180588377429593,-0.08711084093417272,0.23629015133515507,0.5134177100289811,-0.017895427342426353,0.14404982766597835,-0.09046814141373188,0.007730090919295793,0.07615538016454065,-0.17918796113323537,-0.1806987241614381,-0.006402411615204746,0.11169719206313129,0.04762225134390416,-0.037385730806338224,-0.19748553790874773,0.04690768816820285,0.08951185894555981,0.10033121444298784,-0.22729779673441505,0.06577168287375489,0.0638063117448652,-0.008669847419648498,-0.012004009485226464,0.044172403086456334,-0.0172868637496713,0.006134514545473312,0.25253285122529395,0.3401261348670074,0.010914817152055525
Riset: Kurang Tidur Bisa Tingkatkan Risiko Penyakit Jantung,-0.09292058683444818,0.2979161412858323,-0.09292058683444818,0.2979161412858323,0.2526476575872305,0.3390702072410232,-0.23920343826098925,-0.29995629284161635,0.1255077188327331,-0.18713611901977933,-0.12389920827562372,-0.19807971463175153,-0.047279407621388464,-0.13773630470843837,-0.0358434713394469,0.06311488242856526,-0.07999378296550916,-0.16596542431101824,0.020999998996740134,-0.05557993866298688,-0.05418426679964015,0.23887967603269505,-0.16670565583315577,0.020935382606542156,-0.08621679822568275,0.007683459798643674,0.06918750941709667,-0.1536737028683149,0.024265051640531055,0.047753106345192545,-0.16805591703434827,0.18743119343941173,-0.1275162951535964,0.012564589034184401,0.04123177940252975,0.10667573486023699,-0.055217392998427574
BPOM Rilis Daftar Obat Sirup yang Aman Dikonsumsi Anak,0.059877783723999566,0.22268721373493272,0.059877783723999566,0.22268721373493272,-0.13017814769497027,0.015646119166880836,-0.06298088123088667,0.4550170455049767,-0.22764207171159181,-0.1002121824789891,-0.20518936949452563,0.09533515789827916,-0.34720216642923984,-0.023345408832632496,-0.01213226435029649,0.08389252797771787,0.031467743222410624,-0.19329827949086628,-0.1364031843211658,0.06993958713287417,0.12020268976369347,-0.029526999555337566,-0.02083553161058501,-0.05239621974527687,0.1405100995007445,0.04056578059124622,0.08433999826226359,0.01689918197580264,0.11662496699245585,-0.09558423336070561,0.3340164897137386,0.24822898715181196,-0.01959121196385521,-0.33893817676230886,-0.06571825969882816,0.00838361891468196,0.004543007979705393
Tips Menjaga Kesehatan Mental di Tengah Padatnya Pekerjaan,-0.26974031152360406,-0.3907660388493502,-0.26974031152360406,-0.3907660388493502,-0.2981705985771794,-0.07236893045310132,-0.36070612779076305,-0.17475550092608624,-0.10788779339061395,-0.11509901711444792,0.04593257293339847,0.1878955500759024,0.011913609433792573,-0.06864194176146728,-0.04458195750900108,0.001194573891983357,0.04087543620137937,0.020765038144340088,-0.022725498074049173,-0.04423683667459017,0.1325927044064512,0.012211994097548588,-0.11979647489882243,-0.10292059369626859,0.05951298492047448,-0.19849639422322643,0.013928593011815807,0.0013238335148401889,-0.03036120131504809,-0.020657736069690538,0.028125881068830825,-0.019887445251450447,-0.03953782287335525,0.03921380313132735,0.14959010812405904,-0.2018428269298779,0.17699656165406513
"Kasus Cacar Monyet Bertambah, Ini Gejala yang Perlu Diwaspadai",0.40256264087901966,-0.09259667062898819,0.40256264087901966,-0.09259667062898819,0.03585755705764159,-0.16402887966809046,0.20612996743367856,-0.19742994589463816,-0.024962590525522504,-0.3258509023921781,0.06636523590071688,0.009822616246442126,-0.13786656078373577,-0.014925083763040812,-0.048093724788369256,-0.10105675764444352,-0.13803186578057267,0.05709151040734588,-0.05241849579502287,-0.08761951909407785,0.06637501023239303,0.09359901233602508,0.100590553901759,-0.007901486336803718,0.07765342605138208,-0.02152750498663955,0.14555780153240006,0.540296612308505,-0.14529393052906214,0.23770482656486663,-0.18036920942141713,0.18100641764222725,0.00764573121877948,-0.08681117352473154,0.005310671893676972,0.0473937165491843,0.05040155342621903
Ahli Gizi Sarankan Konsumsi Serat untuk Jaga Kesehatan Usus,-0.1633913759244896,-0.1635589373202918,-0.1633913759244896,-0.1635589373202918,-0.1636585596846301,0.013946986642518732,-0.14098383473913564,0.14448734409187577,-0.13943933334844816,-0.1927725107360677,-0.07478834435765838,-0.1788486319817327,-0.008467195486262659,0.403519702160156,0.35274384592466757,-0.03725618793511761,-0.08194068202665462,-0.20499356789548756,-0.20238949774362194,0.03328714228486027,0.1544444383793025,-0.08338437310761376,0.09601907204743514,0.20023477541472504,-0.028777235887475387,0.04996150217763034,-0.00641829478033218,0.012618118924055349,0.21841306639955033,0.19351176677265808,-0.030767985914935347,-0.0049748903404071235,0.10883769287402881,0.33768945199456174,-0.14490263614986665,0.0986128081077561,0.07289909634482288
Vaksinasi Booster Kedua Mulai Disarankan untuk Lansia,0.0035511400195157583,-0.006524008399630119,0.0035511400195157583,-0.006524008399630119,-0.004083810833663645,-0.007552097067745232,-0.02340342971721106,0.10457130344477719,-0.14001083567877928,-0.0896075881055009,-0.03162920069074505,-0.14923169823976773,0.05819264033520286,0.5480481315352637,0.3380780506515174,0.14853288441010465,-0.2550100916505143,0.2375836054512497,0.4466919214997066,-0.02773567655076839,-0.22368488627580416,0.1271971467603077,-0.17038786435601985,-0.15026905930243764,0.061555431184229424,-0.04181730970732521,-0.0119234401630832,0.009074863252120584,-0.1040532417526085,-0.09896541496002262,0.017497437508693973,0.0010564242097739424,-0.04873349964835677,-0.13584580879219238,0.04988045528297751,-0.02926181782450948,-0.03049416972668565
Cara Sederhana Mengontrol Tekanan Darah Tinggi Tanpa Obat,0.17538339297045547,0.018000088738157047,0.17538339297045547,0.018000088738157047,0.06368214409592722,0.16714483709194133,-0.10373890320799753,0.2845422739283213,-0.3079301113539845,0.19236144511717057,-0.12625224280896943,0.1908534062189638,0.0822139735800283,-0.20387081389580328,0.034724705782699,-0.30685399273687486,-0.10549055303012524,0.16145822321954578,0.11704961627611536,-0.17106688500407302,-0.12843145641200115,0.013254835845163411,0.13211368591410064,0.35258648638035367,0.2556976146554089,-0.12764106072925255,0.21072339085636813,-0.1304560200093106,-0.05059925786951853,0.016565336847414673,-0.05272667108823602,0.035612493641592954,-0.23575964163260124,0.15416419359099562,0.03812264300395221,0.09127859625257434,-0.03458182242114409
Penelitian Baru Kaitkan Polusi Udara dengan Gangguan Paru-paru,-0.15162668013710842,0.03124654493914651,-0.15162668013710842,0.03124654493914651,0.0699724057227634,0.23906298785918947,0.35975002306640785,-0.26896388131101234,-0.08451066386312535,0.27046577397473137,-0.07496058623805817,0.282613287175757,-0.1408222972892834,0.24245699493264308,-0.09974744759318623,0.26882442967067094,-0.16960761833039253,-0.019303672781670583,-0.14419634862486233,0.035962111345164756,-0.01858672893669556,-0.24002555160099276,0.18116995752674464,-0.03229216714622671,0.16348863141943717,-0.07129200929042902,0.04568860424717865,-0.00163448851304122,-0.04010307482312679,-0.02355455022992739,0.02507991799660097,-0.07134753921804558,-0.04095708997769244,0.055038658308624686,0.23452587828235974,-0.03264204450147068,0.2059317829261662
"Waspada Gejala Awal Stroke, Kenali Sebelum Terlambat",0.4897201905276219,-0.23603074219225628,0.4897201905276219,-0.23603074219225628,0.022079699851292555,-0.0062019158564515,0.11555882830718628,-0.16719500768743725,0.01796714878697699,-0.08561000836372507,0.04969269596637086,-0.19167301122004868,-0.20418198815355995,-0.048347534754469144,-0.030227294303687067,0.04928327271628559,0.08483887863294026,0.023777127643989343,0.07012668535179953,0.14266375692971545,0.008313051287009779,-0.08762575179590795,-0.04201929256972486,0.04240956831253798,0.013781681744705147,-0.01362813818535447,-0.015273098574537528,0.11283780733428683,0.4229577184404589,-0.3778272319273556,-0.053021778578932366,-0.17510629884995302,-0.2984011750769414,0.08653072229936146,-0.03454879673733189,-0.03631140660758017,-0.04146209183190397
Manfaat Olahraga Pagi bagi Kesehatan Jantung dan Paru,-0.3808886450628334,-0.1607290459768479,-0.3808886450628334,-0.1607290459768479,0.14734750347376768,0.08355791809591942,0.3164154598579578,-0.14299688592852622,-0.02990932262550932,0.06393288045400934,-0.1278437237309579,-0.06581542414302109,-0.12257434244644388,-0.22736256764722737,0.07848894620804811,0.21427459729042753,-0.21181443854630685,-0.16212268263481322,-0.014176043939832026,-0.08318025005315319,-0.08022542065665844,0.07272282150328951,-0.049839755564333454,0.19077837729356517,0.2075824964147958,0.0360469488679053,-0.08398638629340884,-0.02874793240577511,0.041435456557771755,-0.016810772463562194,-0.15583252953255314,-0.11765205982900262,0.15352632792551196,-0.19033699788182284,-0.19927387535263286,-0.0542758609886602,-0.11226084964471289
IDAI Imbau Orang Tua Lengkapi Imunisasi Dasar Anak,0.04426280113616623,0.1616940850450159,0.04426280113616623,0.1616940850450159,-0.08317017728489093,-0.07229852918112174,0.011599334572923599,0.13587772940427323,-0.009756865611498538,-0.02500039332364029,0.03102945922296582,-0.02474088032350292,0.037298005668295844,-0.045589897098447255,0.025473585127775773,0.4644775344627047,0.20124116697840777,0.5265117708657332,-0.37602284987489476,-0.3365667572982377,-0.09593338825490771,-0.06140307353310522,-0.2043340719911954,0.1829259939243066,-0.1702879651957289,0.0028653038439137176,0.024182447017574514,0.0080005693799471,0.06836645010870679,0.0404804029585618,-0.03973292166620634,0.028672489877649743,0.024051337273478652,0.005639366388152454,0.012003195009553439,-6.288899747972257e-05,-0.012853541881273897
Kenali Gejala Asam Lambung Naik dan Cara Mengatasinya,0.5028886182827138,-0.30733760634773527,0.5028886182827138,-0.30733760634773527,0.021789599679011767,0.1587320605319076,-0.04632334439363957,0.03187773261222953,0.07001037657322887,0.2753660773454436,-0.05257562842125192,-0.13222743439597942,0.07107128998777873,-0.13247448876307005,0.17134969691950683,0.07452592989409444,0.04921779936244538,-0.1602187399665964,-0.1010947881036772,0.012501735509739138,-0.21689328872837702,-0.03018558289616746,-0.008549215987043944,-0.12402550939277408,-0.009543707348479018,-0.08449878982424418,0.04226347795351081,-0.027535939869651468,-0.17191359600442246,-0.1634874198705703,0.009571667087575331,0.13012313440639506,0.3424491906468459,0.06976327091679178,0.028197631921731393,0.05218660649969692,0.04814194371858651
Studi: Konsumsi Gula Berlebih Tingkatkan Risiko Obesitas Anak,-0.019117615658099756,0.4131008177357582,-0.019117615658099756,0.4131008177357582,-0.15822918639378802,0.2833799288140253,-0.08249234634935376,0.09470518048653884,0.22869563322802686,-0.22713894045794786,-0.02018293396263612,-0.13415078944487616,-0.11773008062764344,-0.010043655529381051,0.189077088665615,-0.04735876871742686,0.23385848002300044,-0.17099557444302135,-0.020654008572880987,-0.09787177682636813,0.19937413303891655,-0.08142522066348164,-0.03795475998737952,-0.0734942950231046,0.1760832838395675,-0.003641520224871939,0.11747187704840613,-0.022810997182656972,-0.09108476274749035,-0.06801273338070003,-0.211479640088911,-0.11963993718055145,0.05726853616576034,0.03382525132963174,0.2976395075941105,-0.16025237553246408,-0.09408027665387109
Pentingnya Skrining Kesehatan Rutin untuk Deteksi Dini Kanker,-0.20523969383543547,-0.08937825656574597,-0.20523969383543547,-0.08937825656574597,0.44351043460393524,-0.2833938286653103,-0.17611995779984108,0.06379800131450145,0.18132117215991764,0.03987781159076785,-0.001347871168956653,0.061571690981569095,-0.13028665160906477,0.11452240345309997,0.04579292284667698,-0.14135039572590982,0.2472352235691606,0.09511840377771424,-0.09249860687463221,0.2709956075316848,-0.15860682541148896,-0.13314121207686655,-0.022658910717980183,0.11469785504739678,0.10206509872601965,-0.05955150236130272,0.04198985134193247,0.1793529210064904,-0.10396042624509637,0.01839513927459504,0.1341709116622405,-0.10754588036758349,0.09811147903702754,0.036727285375726684,0.12260417483573409,0.007659022106455139,-0.3443213154024895
Dokter Bagikan Tips Menjaga Kualitas Tidur yang Baik,-0.10066828594843327,-0.002292875417873227,-0.10066828594843327,-0.002292875417873227,-0.3840745814344807,-0.041838584965023254,-0.3821668892464435,-0.24282542137710753,0.13288621759132555,0.02841464205477697,-0.08427672255988154,-0.0583270567149475,0.03693094241858992,-0.02761084204868625,-0.22448169383973607,-0.09722165521494318,-0.35518050452455463,0.09242992209919869,-0.04721966457094323,0.1053335557288161,-0.23010153266971284,-0.051059620782954694,0.08729764211430294,0.06450307051087581,-0.10375657262093496,0.05519690111831328,-0.02962704869559492,0.014977898851568732,0.1866271410357934,0.051483476880828785,0.10659497091384161,0.2292690781133043,0.02362040545173757,-0.008649063415685809,0.11431050309478238,-0.19277674585884783,-0.14273923697821708
"Kasus Hepatitis Akut pada Anak, Ini Penjelasan Kemenkes",0.16186642629222844,0.25812219949537674,0.16186642629222844,0.25812219949537674,-0.0432706497934812,-0.3328078839517238,0.1054224992535937,0.00955212086365034,0.02063638771061403,-0.26228467026776203,0.11111134616774683,0.3147998176928283,0.2518488975436341,-0.04613131622595009,0.07565799172743665,0.1556253421740873,-0.04587238304874431,-0.2542324628423345,-0.1319868239826182,-0.10902011889803599,-0.1719693280900249,0.13517680910639876,0.09524770870150646,-0.08470367936373444,0.17837545098597996,0.03567466113649792,-0.2197449736214632,-0.046006683014927593,-0.13931970567079976,-0.06875776670932893,0.07142697130394929,0.00025765225503839175,-0.14732554750332888,0.2170065191933129,-0.16445166558266675,-0.23225381672422807,-0.12977684192240943
Manfaat Air Putih bagi Metabolisme Tubuh Menurut Ahli,-0.1547154641626243,-0.1093310768384514,-0.1547154641626243,-0.1093310768384514,0.010173232311329182,0.03937789466042991,0.2263686050830633,0.17930493409707066,-0.1802142259110687,-0.18147318315147556,-0.04086698729106567,-0.41338096261703505,0.3659348839511911,0.036316035863701635,-0.17187448517642273,-0.01243522346858483,-0.007381716865209386,-0.1393357885629937,-0.12888344847067765,0.11288634977145792,0.01713567780129311,-0.1202809024384726,0.23837348674263023,0.23233631117884654,-0.26134985224297586,-0.1879099521668618,-0.1337598897438352,0.003908640542575802,-0.20585089535778198,-0.08199371858773787,-0.02676595362118223,-0.031660899012117306,-0.14429818313177556,-0.21191725640255857,0.11234056613343046,-0.044512227673458735,-0.031269204270783925
Rutin Cek Kolesterol Penting untuk Cegah Penyakit Jantung,-0.12650491632044444,0.04802637289154383,-0.12650491632044444,0.04802637289154383,0.5360124487054023,-0.10076161273311952,-0.21792446320534534,-0.03433203301880784,0.1995014285063648,0.07300244248173342,-0.12154197398183564,-0.16409489296465773,-0.1187051057270259,-0.06721415388955213,-0.06880981551390251,0.09059771604815614,-0.12878195049830488,-0.044166309450631935,0.04714850390900016,-0.15072775221396437,0.15396418935250658,0.27049006359611605,-0.02846796070584923,0.15003636815952856,-0.04759171021641048,-0.057522188308602965,-0.08200534233109079,0.13995815886773255,-0.06709333709026893,-0.0491371805431648,0.3557695373112827,-0.10825716776221725,-0.01976958840128391,0.14103776282636524,0.0310520382066392,-0.003777736928810178,0.2188589690170429
"Anak Sering Batuk Pilek, Kapan Harus Dibawa ke Dokter",0.017779849191015343,0.2404685508503761,0.017779849191015343,0.2404685508503761,-0.2214751774357034,-0.17471920252209736,0.013979271371881706,0.027867008479753257,0.029499218800528366,0.18408364774477842,0.0017121972986643274,-0.0774396442883021,0.04602320890004429,-0.1078664254339998,0.07471561806979721,0.17590681489236726,-0.005374666660345758,0.23674136958894365,-0.05985932900145204,0.47868245717442154,0.15403886651708618,0.47815666872487156,0.3129104989077169,-0.05372412426476582,0.039696002301467685,-0.07753839712670806,0.19562538124450898,-0.09148166661837633,0.030278039707664166,0.03397146455826795,-0.08498664222927127,-0.13131720929390772,0.07386337136931241,-0.008844315870047227,-0.03461037063400086,-0.009093637277061316,0.02071436811000722
Pakar Sebut Stres Berkepanjangan Bisa Pengaruhi Imun Tubuh,-0.026423682024492728,0.010046081065481579,-0.026423682024492728,0.010046081065481579,-0.004820853961103178,-0.04916816136780252,0.1493931389014066,0.027907703035523115,-0.17237181329417448,0.08300996632671696,-0.14893679817580044,-0.31568625237879877,0.3041561794499936,0.2433930846553088,-0.5074268763503408,-0.19181261841760838,0.23790336799766393,-0.004205573018870723,-0.12535543432430085,-0.12889973851454914,-0.04634549010429866,0.18778292387921838,-0.16953283333548813,-0.24708856013951808,0.2851895322957416,0.09472469334915977,0.081944265047617,-0.003539819677673477,0.07724800664222364,0.007114226872699088,0.046773298750814776,-0.034859231451609456,0.05019183638239742,0.07973591005843658,-0.02821619136962933,0.024227712236309568,0.042960856083806793
Kemenkes Perkuat Program Deteksi Dini Penyakit Tidak Menular,0.005581308033150387,0.08070285819543435,0.005581308033150387,0.08070285819543435,0.41962661962642256,-0.23872568960860985,-0.1575028564335992,0.00037745644589647624,0.18401604605965524,-0.12528157176609098,-0.2405726329435734,0.2518774346724822,0.27572526977904466,0.06985139189248359,0.001211018971567969,0.013290614292887326,0.09777555556789096,-0.004654043520998882,-0.026521642855713828,0.3397639120085975,-0.07387402990284203,-0.2205457756011248,-0.14881222079018674,0.0091544024952274,0.03869642986398637,0.027002009338156826,0.033746101207454186,-0.11076264878146296,0.07431391289715857,0.004830447225193158,-0.26485346524446557,0.1503972849936366,-0.05415673491360702,-0.11602477654342573,-0.09463458715691334,0.016130756736313815,0.2690807329497611
Manfaat Meditasi untuk Kesehatan Mental dan Fisik,-0.35293242934674546,-0.30036848424737206,-0.35293242934674546,-0.30036848424737206,-0.03591774323395302,-0.012901206280161573,0.14849632586424832,0.05222756475445771,-0.09564892436239684,-0.1751466450264101,0.08350359684116691,-0.02032288525019887,0.06436410464738596,-0.36907022275061574,0.1512667430340086,-0.01796622470648747,0.045708987581228655,0.05688693145268329,0.06004700831093884,0.04063771435443742,0.008254498816526307,-0.04611660394975307,-0.16935167038363833,-0.2913478637835508,0.060937737309715266,-0.4499331092356365,-0.03962826142410325,-0.011726856788830597,0.11589308459273137,0.13790978112331412,0.06664092634793037,0.023889594014087013,-0.02502686962729435,0.032623041734430404,-0.03811381007107989,0.12703890866132067,-0.03574061625007598
Ini Alasan Pentingnya Sarapan Sehat Sebelum Beraktivitas,-0.21231453510462617,-0.13355038363929647,-0.21231453510462617,-0.13355038363929647,0.21517619234695018,-0.18207473199187416,-0.07122096625204398,0.07029128708454231,0.039830000482395704,0.09536351258943895,0.20468776178363338,-0.06883512542705286,-0.31382649120752176,0.0698212828654014,0.09217533314912875,-0.20593024915695451,0.18516117086352843,0.10126836175684706,-0.08486969193863707,-0.25442823668701603,-0.11599233198632822,0.11471404216977202,0.4346261343503291,-0.2084272186506812,-0.02873531289235244,0.04290679610883602,-0.2666777697499335,-0.1510592832090919,0.08320567775647768,-0.10700555882857353,-0.18426623763246056,0.19779540818107402,-0.03760738039879815,-0.07338116041019348,0.04592280360374523,0.03444839065663829,0.08675408372164378
Waspadai Gejala Dehidrasi saat Cuaca Panas Ekstrem,0.37430747200569203,-0.1395695970351306,0.37430747200569203,-0.1395695970351306,0.04010682010409035,-0.06267201141318901,0.1563981543025729,-0.16895174050309533,-0.023784347558403477,-0.20244480899094086,0.05338231081074164,-0.16804848490020688,-0.2533357610660118,-0.014207008153971894,-0.08926105236311593,-0.11464263749017861,-0.10560212797015646,0.275796647092582,-0.009778040916682565,0.14988910514445494,0.2756801266498316,-0.14042858398319996,-0.12556535978253464,0.06379947262939105,0.1461997887027895,0.11086750432160505,-0.22125218932558222,-0.4319301206611148,-0.2314457462809193,0.15070630326148463,0.10299224985668155,0.0398727541033794,0.0503697655679814,0.036273965283940335,-0.020619187786067816,-0.029361273812367094,-0.02345718271704536
Dokter Anak Ingatkan Bahaya Gadget Berlebihan bagi Tumbuh Kembang,-0.014938815055257418,0.33906321925184874,-0.014938815055257418,0.33906321925184874,-0.33302621998502085,-0.23246769415851506,0.13339127417857574,-0.10820993390436437,0.13562952939135797,0.26287749768167545,-0.20402222548010077,-0.08481954215576697,-0.050429006337942346,-0.06982000421987994,0.20424173337440596,-0.17092300811492525,0.1937975701915533,-0.006593310527972054,0.15079511196509518,-0.02791573143323763,0.10285510801189605,-0.10357038459029888,-0.08685398991786777,0.03955221579253133,-0.2212692054395722,-0.08168501652062833,-0.044862786069579136,0.08592388590801085,-0.226026606294313,-0.07592774747930406,0.06189966008326105,0.05798346594739579,-0.1613778946406657,0.04114562657023501,-0.1352729880643779,-0.0208892794865691,0.1424580805733422
Studi Baru Ungkap Hubungan Pola Makan dengan Kesehatan Otak,-0.0799184166785209,-0.18109972405036484,-0.0799184166785209,-0.18109972405036484,-0.09183794377110872,0.2888867084992358,0.19733264157719307,0.2180851434375537,0.46505256746507834,0.055288391296863144,0.17283042068665352,0.2878936984737357,-0.0042719724029194,0.20521863295594625,-0.04696913319920563,-0.1435517385263413,0.044254053736534515,0.002490823324632889,-0.0513814341029579,-0.004941870063250091,0.058572065835687484,0.2085329575427323,-0.11174965148492348,0.04237616012135307,-0.06446822000015927,0.05818031584723113,-0.06436037269449284,-0.020444274819149365,0.0486548713440151,0.21748205172883556,0.02368269931207669,-0.12620706304671597,-0.22059415271599817,-0.15586413865164672,-0.0045698708221456625,0.027749336267811717,-0.020027684254070272
Cara Mencegah Penularan TBC di Lingkungan Rumah,0.14449224676916908,-0.04844011672863572,0.14449224676916908,-0.04844011672863572,0.24311068235166441,0.005464418588877577,-0.1467625076725551,0.14086233131324918,0.057195735755430424,0.20848904246508632,-0.27154936005310926,0.07440704497961577,0.35033468065794515,-0.1113227565377912,0.06434298777807397,0.038664327722393,-0.23890114031258958,0.12369668693209898,0.0740743412875336,-0.1968218333441093,0.4716950548978738,-0.1842306775640862,0.14500041682238055,-0.28780164413226256,-0.05582064128784194,0.13397607150171675,-0.09213852713025053,0.08405034933865604,0.11583819591448294,0.026069767477678318,-0.05127763461378508,-0.05592366362090341,0.014145286118881415,-0.04914771845969566,0.012365457685532379,-0.0253037044754163,-0.1780071347512976
Kenali Tanda-tanda Kelelahan Kerja atau Burnout,0.12399582142333804,-0.17823020662955355,0.12399582142333804,-0.17823020662955355,-0.07260224077965931,0.023360187470732333,-0.14390286405277586,-0.061967866729645736,-0.07345206446276638,0.05211705068314686,0.03849489021762762,0.030795785949930557,0.026866239413691765,0.012110176323375247,-0.18804391648992594,0.42030919924363086,0.4617600385053986,-0.16065530689047483,0.5226320820691285,-0.02917414925802502,0.028004359231856707,-0.03841519211719103,0.20099838575013534,0.15036618819940778,0.02985505113333276,0.055633202519427945,-0.06001955735121058,-0.01400555765887631,0.03586141159446751,0.2728387004036039,0.029518448038025988,0.08793619093583263,0.02050886322978072,0.0024512883548998346,0.004061732579064407,0.004822149089768924,-0.04474152072651836
Manfaat Yoga untuk Fleksibilitas dan Kesehatan Tulang,-0.30273172551819405,-0.2290753653136308,-0.30273172551819405,-0.2290753653136308,0.027142567495206257,0.003748480502336583,0.23520855359402668,0.10393517886921565,-0.06322794472055844,-0.1360868294492599,0.06601414617554995,-0.10305893167841852,0.05971528842763863,-0.33492872609120655,0.17895838590870933,-0.017786919494835955,0.018419147045839378,0.044101035915978616,0.08506421324126233,0.08768801074048004,-0.16991731230767923,-0.06686255865710397,0.02236941653665176,-0.11731729169252296,-0.1034535757286225,0.5896512573945326,0.2421711691133232,0.01846997379505089,-0.053871439087014715,0.03573008941445441,0.12989877813323905,-0.020799840730957617,-0.08943280241974995,0.08941589712494634,0.10368326914692817,-0.04908984558620759,0.1094975259549493
Peneliti Temukan Kaitan Kurang Gerak dengan Risiko Diabetes,-0.026822319434604173,0.25757784138601475,-0.026822319434604173,0.25757784138601475,0.17864063181805098,0.4687843127610004,-0.021511722289147675,-0.36723898412597084,-0.2608633010993291,-0.017514465475544545,0.1244834964664959,0.12706666480855094,0.01202319864556522,0.12205579817214993,0.024218344465872416,0.018355981401915026,0.10705376450399894,0.052154144891038035,-0.12493717316246745,0.11079428997797015,-0.006801052022019644,-0.07155405308686338,0.11426534911436001,-0.2522157787321284,-0.21482377995358798,-0.029249848363606064,0.06522923850839824,0.009937049352227157,-0.08280694988784981,0.011767881767637522,0.17301735464999415,0.042447493592100885,-0.11028287848297862,0.07852074125771111,-0.16957082503138016,0.13717656441723078,-0.15644422597840682
Tips Menjaga Kesehatan Mata di Era Kerja Serba Digital,-0.20922170347859842,-0.3326725916281289,-0.20922170347859842,-0.3326725916281289,-0.28258123669606794,-0.06933314819613534,-0.3829078637528005,-0.18323548366168077,-0.09070394723900298,-0.0734986515377118,0.024412310073359207,0.20013647717195857,-0.006214270342230665,0.05838185038200482,-0.1127486786892202,0.011911493714789709,0.025221428522231776,0.003601227130921794,-0.05112912420324577,-0.07366846485257976,0.1507191460551397,0.04392063476044877,-0.02463465461841472,0.08638590747294181,0.021477069450228287,0.19053017721160057,0.07768105750918229,0.015389335036425252,-0.26208549294634575,-0.3258320196365654,-0.11235598817392023,-0.1376068059876051,0.013999032062135989,-0.10915665795666274,-0.14671524287489573,0.24179790125124878,-0.05766267414484261
BPOM Awasi Peredaran Obat Tradisional yang Mengandung BKO,0.06505667854306335,0.08125912986360788,0.06505667854306335,0.08125912986360788,-0.005164375167445514,0.027270922575775788,-0.03597163151808404,0.39089367446772166,-0.319350596394806,-0.015805931451435138,-0.22628769129194684,0.19259596100376702,-0.3568495224030727,-0.06369940822346272,-0.30259134096892615,-0.007937244478269012,-0.1018762892424675,-0.05725026878833491,0.08301105418141635,0.12692070386428408,-0.13839845647785587,0.06488444854343012,-0.1412536020985602,-0.1453999633914224,-0.3398203869542288,0.01735244188573498,-0.19679784935993413,0.05958170258639885,-0.07234210035922532,0.06763555999251723,-0.23956995589106245,-0.19555461125018547,0.08705683043037155,0.1761325661751882,0.029186379363860628,-0.02596430933422973,-0.0025226967776720006
Kenali Gejala Asam Urat dan Cara Menjaga Pola Makan,0.43248850912677195,-0.4082801587309005,0.43248850912677195,-0.4082801587309005,-0.09742703692754295,0.2210291050333729,-0.1126430868597366,0.05118011577330962,0.20428759153498685,0.2537514483738728,0.003413816657237147,0.014018631104184753,0.07542530781935271,0.01957561263271547,0.13836574577291366,-0.02591338621251145,0.0023122970797507824,-0.17580137044306623,-0.20566321678137747,0.014856255168333941,-0.12601889872829858,0.11292644607427843,-0.09270869528636899,-0.021457318719096397,-0.08909906974444672,0.004373408174218466,-0.016676871850704544,-0.03654347549497058,-0.0447345237955992,0.13256807694358397,0.05480178355260102,-0.06404583319080985,-0.07499162299216162,-0.10987763972946835,-0.015446821735129701,-0.0519474467461331,0.019411076158494057
Studi: Anak yang Cukup Tidur Miliki Konsentrasi Belajar Lebih Baik,-0.020110512426741056,0.3045024212522123,-0.020110512426741056,0.3045024212522123,-0.2864532556069359,0.10303772611583929,-0.11713770020070381,0.04150483636909231,0.41157240705625464,-0.12019796470859458,-0.061504148632375785,-0.14719131030773996,-0.04183549639021642,-0.0919905646126932,-0.14131094242477285,-0.05922380228391038,-0.09884280228285523,0.09654607022500761,0.1057499356491851,-0.08257758124732334,-0.27677514949250087,-0.29968765678099335,0.19793401937705699,-0.0913954174372666,0.1568769560530314,-0.039682009244775704,-0.06474990062107093,0.04618854897185009,0.008311052643153774,0.08243300214056291,0.06755710470474188,-0.25941830390196796,0.07781540280113947,-0.044371358838021804,-0.18281884025318532,0.1729752734430505,0.11061640058977357
Pentingnya Vaksin Flu Tahunan bagi Kelompok Rentan,-0.03247459916104171,0.0866099057981055,-0.03247459916104171,0.0866099057981055,0.18759729599089656,-0.2292815895956841,-0.09976047724030351,0.11904644447328042,-0.021761557987493386,0.2464200009250597,0.5510921605464926,-0.15018497496491903,-0.1265488486210833,0.08091790499798299,-0.15905674552682603,0.005071139366465427,-0.1703804241160747,-0.1584257387713956,0.05341177893060823,-0.11715283236706396,0.06378802840319174,-0.20083890304298593,-0.06935164470033611,-0.04816331932483107,-0.11851062718548774,-0.09896435442324124,0.39380579026788926,-0.11761181456922708,-0.022015591535020623,0.06493729434709924,-0.08838060786430217,-0.04261514201274237,-0.0028535133839427958,-0.03544333501101166,-0.20079575527716148,-0.20100617088256287,-0.007563853415176381
Dokter Ingatkan Bahaya Merokok bagi Kesehatan Paru Jangka Panjang,-0.21069143889772998,0.05538403048151238,-0.21069143889772998,0.05538403048151238,-0.18472807245796383,-0.2104224018572495,0.3151726055628978,-0.2788438610157044,-0.045520509384451624,0.4265259636415173,-0.26859867039122526,0.004633502072270924,-0.08299857484304107,0.0663595494981073,0.07620108145700849,-0.17954571041856393,0.09052897069797858,-0.057699461545069844,0.03482316300710238,-0.04979714158227919,0.024292541639533573,-0.0030641187457538144,-0.1550336021424086,0.057741965732662826,-0.025082353329177173,0.05022970381244418,-0.03245474802946286,0.03210780451633952,0.07869826781765933,0.06227447762786895,-0.06897914832795692,0.11473701361706504,0.01551183332378126,0.011671409440708288,-0.017565325652044016,-0.033165785716274064,-0.14502347215985611
